donor_id,CDR3aa_beta,score,epitope,gene
Foster_2024.MM1,CAIRREGLVYEQYF,0.5930249,LEHVSVLEFL,PTGFRN
Foster_2024.MM1,CAISEAPGLAAFYEQYF,0.64670026,NDVNEVAPVF,CLSTN3
Foster_2024.MM1,CAISESGTGLYGYTF,0.6974346,ETAEVDMSK,NBAS
Foster_2024.MM1,CAISGEVAGSSYNEQFF,0.61713403,VRVNDVNEV,CLSTN3
Foster_2024.MM1,CAISTGGIGNTIYF,0.692189,LEHVSVLEFL,PTGFRN
Foster_2024.MM1,CARGPPGLADSYEQYF,0.7209897,VHMLTGMESW,OR52N2
Foster_2024.MM1,CASASGGYTGELFF,0.8171458,LCDTCPHAY,CHD3
Foster_2024.MM1,CASFSEESRETQYF,0.6301528,DTYTLINYL,SLC7A10
Foster_2024.MM1,CASGPREYNEQFF,0.60036486,RFMRLGELY,CDH8
Foster_2024.MM1,CASGVVNTEAFF,0.66559464,KSINEQRKRY,EPS8L1
Foster_2024.MM1,CASKEGLGQPQHF,0.55598813,CHLRGLHTV,MID1IP1
Foster_2024.MM1,CASLAGRETQYF,0.6466623,SLDSCIAQFY,OR51V1
Foster_2024.MM1,CASMPRDIDTEAFF,0.6079879,SINEQRKRY,EPS8L1
Foster_2024.MM1,CASQRKGTDTQYF,0.80062497,DHKSHDVSTDSSF,KCNS3
Foster_2024.MM1,CASRAGAIGELFF,0.7481626,SLDPEDPAL,MASP1
Foster_2024.MM1,CASREQGSEQYF,0.58648336,MSGSRLRRM,NKAP
Foster_2024.MM1,CASRERLYNEQFF,0.5946266,MRLGELYSV,CDH8
Foster_2024.MM1,CASRHRGSGTDTQYF,0.7075437,LSDWGPRFM,CDH8
Foster_2024.MM1,CASRNRENKNIQYF,0.68872935,SLDPEDPAL,MASP1
Foster_2024.MM1,CASRPSGPDYNEQFF,0.78332573,SINEQRKRY,EPS8L1
Foster_2024.MM1,CASRSSESGQPQHF,0.84028494,ILCDTCPHAY,CHD3
Foster_2024.MM1,CASRSSSGGGADTQYF,0.8362566,HPLPFQNAW,CARD6
Foster_2024.MM1,CASSALTSSTDTQYF,0.6235146,DWGPRFMRL,CDH8
Foster_2024.MM1,CASSAPPGGAGNTIYF,0.6111215,DSCIAQFYF,OR51V1
Foster_2024.MM1,CASSEARLYNEQFF,0.65719193,HMLTGMESW,OR52N2
Foster_2024.MM1,CASSEGRGYEQYF,0.9025217,YQSDYDKPY,TEX26
Foster_2024.MM1,CASSESAWEGETQYF,0.5383689,KKIGDFITL,SQLE
Foster_2024.MM1,CASSESWALSSYEQYF,0.6144954,MGRPPTENW,ACAD10
Foster_2024.MM1,CASSEYRGGWTGELFF,0.5745015,DWDHKSHDV,KCNS3
Foster_2024.MM1,CASSFPPGGGPLRSYEQYF,0.58332556,AAAFWGLLL,SLC52A1
Foster_2024.MM1,CASSFTGGYTGELFF,0.61617154,YLSFINYLCY,SLC7A10
Foster_2024.MM1,CASSFTGVEAVGYTF,0.64831644,LSFINYLCY,SLC7A10
Foster_2024.MM1,CASSFTRDSPIAQFF,0.51919717,KHLFSSTENLV,RAB11FIP1
Foster_2024.MM1,CASSGGDTEAFF,0.7113955,VAPVFVERL,CLSTN3
Foster_2024.MM1,CASSGGLAGGLWEETQYF,0.5854988,YFYKKIGDFITL,SQLE
Foster_2024.MM1,CASSHSLRDSGRNNEQFF,0.9057092,DHKSHDVSTDSSF,KCNS3
Foster_2024.MM1,CASSIDSLTYEQYF,0.61269575,SINEQRKRY,EPS8L1
Foster_2024.MM1,CASSIFGANTGELFF,0.79698974,FHPLPFQNAW,CARD6
Foster_2024.MM1,CASSIGTDTQYF,0.6172394,KKIGDFITL,SQLE
Foster_2024.MM1,CASSIPPAGNQPQHF,0.64186466,NYLSFINYL,SLC7A10
Foster_2024.MM1,CASSKGQDSYEQYF,0.6992459,DTYTLINYL,SLC7A10
Foster_2024.MM1,CASSLAGDPEAFF,0.5914201,VRVNDVNEV,CLSTN3
Foster_2024.MM1,CASSLAGGLPYEQYF,0.64496094,LLDILDTAGREEY,NRAS
Foster_2024.MM1,CASSLAGHEKLFF,0.7212868,IILCDTCPHAY,CHD3
Foster_2024.MM1,CASSLAGQGPDEQYF,0.656211,GRPPTENWNF,ACAD10
Foster_2024.MM1,CASSLAQLNTEAFF,0.65309614,EIILCDTCPHAY,CHD3
Foster_2024.MM1,CASSLASYNEQFF,0.5917663,EIILCDTCPHAY,CHD3
Foster_2024.MM1,CASSLAWLAGVQNIQYF,0.65119123,LSDWGPRFM,CDH8
Foster_2024.MM1,CASSLDAGTASYEQYF,0.6482809,ASAPNPNEL,RASAL1
Foster_2024.MM1,CASSLDPGVGTEAFF,0.5630516,DTAGREEYSAM,NRAS
Foster_2024.MM1,CASSLEGSGSSYNEQFF,0.6233909,SINEQRKRY,EPS8L1
Foster_2024.MM1,CASSLESGWGADTQYF,0.618583,DVIKRKGSGHVAY,RTP5
Foster_2024.MM1,CASSLGSSGNNEQFF,0.7591332,EIILCDTCPHAY,CHD3
Foster_2024.MM1,CASSLGTGGFGTGELFF,0.60843843,SAAAFWGLL,SLC52A1
Foster_2024.MM1,CASSLLMQETQYF,0.5924069,PHAYHLVCL,CHD3
Foster_2024.MM1,CASSLPNRDSSYEQYF,0.7493719,QSLDPEDPAL,MASP1
Foster_2024.MM1,CASSLQGNTGELFF,0.675357,REEYSAMRDQY,NRAS
Foster_2024.MM1,CASSLRLGTSKGEQFF,0.6437565,DHKSHDVSTDSSF,KCNS3
Foster_2024.MM1,CASSLRQPLGPQPQHF,0.53924644,LCDTCPHAY,CHD3
Foster_2024.MM1,CASSLRSGKYYEQYF,0.56434554,HPLPFQNAW,CARD6
Foster_2024.MM1,CASSLSEHEQFF,0.74030095,ELAACHPGAF,RASAL1
Foster_2024.MM1,CASSLSNTGELFF,0.6102022,KKIGDFITL,SQLE
Foster_2024.MM1,CASSLTLGQGIYEQYF,0.6326626,ELKELQAEW,CGN
Foster_2024.MM1,CASSLTSGREEQFF,0.5947899,YTLINYLSF,SLC7A10
Foster_2024.MM1,CASSLVAGVNTEAFF,0.69930065,NEVAPVFVERLY,CLSTN3
Foster_2024.MM1,CASSLVFNEQFF,0.63999414,DTYTLINYLSF,SLC7A10
Foster_2024.MM1,CASSLVGAGGPYEQYF,0.6493888,SLDSCIAQFY,OR51V1
Foster_2024.MM1,CASSLVGDSSYEQYF,0.69193816,DTCPHAYHL,CHD3
Foster_2024.MM1,CASSLVVPPASWLSDTQYF,0.5987885,YFYKKIGDFITL,SQLE
Foster_2024.MM1,CASSLWGPGLTTGELFF,0.69172615,PHAYHLVCL,CHD3
Foster_2024.MM1,CASSLWPGQGYNEQFF,0.58233875,NEVAPVFVERLY,CLSTN3
Foster_2024.MM1,CASSMDVWQPQHF,0.6296067,AQFYFIHGL,OR51V1
Foster_2024.MM1,CASSNRGSYEQYF,0.6327997,RAQNIGIWF,ANO7
Foster_2024.MM1,CASSNRRDSQETQYF,0.7177818,SLDSCIAQFY,OR51V1
Foster_2024.MM1,CASSNTGELFF,0.5905736,CHLRGLHTV,MID1IP1
Foster_2024.MM1,CASSPDLASRVDTQYF,0.5996859,KKIGDFITL,SQLE
Foster_2024.MM1,CASSPLEGPRDEQYF,0.7685353,WGPRFMRL,CDH8
Foster_2024.MM1,CASSPPGGGITGELFF,0.6071278,REEYSAMRDQY,NRAS
Foster_2024.MM1,CASSPPNGFHEQFF,0.6111784,KHLFSSTENLV,RAB11FIP1
Foster_2024.MM1,CASSPPRDTEAFF,0.6106102,YKKIGDFITL,SQLE
Foster_2024.MM1,CASSPQGNEQYF,0.5552671,CHLRGLHTVL,MID1IP1
Foster_2024.MM1,CASSPQGQWWDTIYF,0.74458987,YLSFINYLCY,SLC7A10
Foster_2024.MM1,CASSPRLSTDTQYF,0.6002938,DWDHKSHDV,KCNS3
Foster_2024.MM1,CASSPSGRATNEKLFF,0.5871181,VRVNDVNEV,CLSTN3
Foster_2024.MM1,CASSPSRSSYEQYF,0.69893676,LHQSLDPEDPAL,MASP1
Foster_2024.MM1,CASSPTGGESLNYGYTF,0.6445173,REEYSAMRDQY,NRAS
Foster_2024.MM1,CASSPTGGQHYEQYF,0.5790032,ELKELQAEW,CGN
Foster_2024.MM1,CASSPTGLRDGSSYEQYF,0.8556415,SLDPEDPAL,MASP1
Foster_2024.MM1,CASSPWATLGEKLFF,0.78979266,YLSFINYLCY,SLC7A10
Foster_2024.MM1,CASSPWDTSYEQYF,0.65756905,YTLINYLSF,SLC7A10
Foster_2024.MM1,CASSQALRTGGIDNEQFF,0.66145617,DWDHKSHDV,KCNS3
Foster_2024.MM1,CASSQAVMNTGELFF,0.6691503,DWDHKSHDV,KCNS3
Foster_2024.MM1,CASSQDEQGWTEQFF,0.5450079,DYDKPYPDF,TEX26
Foster_2024.MM1,CASSQDLRDEQYF,0.72902733,LSLEHVSVL,PTGFRN
Foster_2024.MM1,CASSQDPGTGHNQPQHF,0.677005,REEYSAMRDQY,NRAS
Foster_2024.MM1,CASSQDRPRQGTYEQYF,0.6359992,SAPNPNEL,RASAL1
Foster_2024.MM1,CASSQDSGGFYEQYF,0.75649494,REEYSAMRDQY,NRAS
Foster_2024.MM1,CASSQEDQGTVDGYTF,0.67269516,YKKIGDFITL,SQLE
Foster_2024.MM1,CASSQEDRGIFGYTF,0.71041834,WGPRFMRL,CDH8
Foster_2024.MM1,CASSQEGQGVFSSGYTF,0.69386816,HMLTGMESW,OR52N2
Foster_2024.MM1,CASSQEQGQREQYF,0.74428403,LRRMEAVRL,NKAP
Foster_2024.MM1,CASSQGFGVGGETQYF,0.62043065,EVAPVFVERLY,CLSTN3
Foster_2024.MM1,CASSQGGIRDTGELFF,0.56616896,LRRMEAVRL,NKAP
Foster_2024.MM1,CASSQGKAPGNTIYF,0.6425969,QTTYQSDYDKPY,TEX26
Foster_2024.MM1,CASSQGSTDTQYF,0.81179523,DWGPRFMRL,CDH8
Foster_2024.MM1,CASSQGSYEQYF,0.62182593,CHLRGLHTV,MID1IP1
Foster_2024.MM1,CASSQGVNPTGEQFF,0.6112878,EIILCDTCPHAY,CHD3
Foster_2024.MM1,CASSQLAGGRDEQFF,0.7850715,SRLRRMEAV,NKAP
Foster_2024.MM1,CASSQVPPQGFYNEQFF,0.62795085,NDVNEVAPVF,CLSTN3
Foster_2024.MM1,CASSRGRGAMDEQYF,0.7266341,YFYKKIGDF,SQLE
Foster_2024.MM1,CASSRGRHEAFF,0.68755186,HAYHLVCL,CHD3
Foster_2024.MM1,CASSSIGTGVYNEQFF,0.5935664,VAPVFVERLY,CLSTN3
Foster_2024.MM1,CASSSRDRPSQETQYF,0.5502544,YKKIGDFITL,SQLE
Foster_2024.MM1,CASSTLGLAGPYGSETQYF,0.54031426,YKKIGDFITL,SQLE
Foster_2024.MM1,CASSTWDRENEQFF,0.6197083,LSDWGPRFM,CDH8
Foster_2024.MM1,CASSVAINSYEQYF,0.85388595,SLDPEDPAL,MASP1
Foster_2024.MM1,CASSVARTGVTGELFF,0.85666484,SLDPEDPAL,MASP1
Foster_2024.MM1,CASSVGAENEQFF,0.71749455,HVSVLEFL,PTGFRN
Foster_2024.MM1,CASSVGTGFQETQYF,0.67301136,KRKGSGHVA,RTP5
Foster_2024.MM1,CASSVGVSGQDTQYF,0.6011752,NYLSFINYL,SLC7A10
Foster_2024.MM1,CASSYAGSLQETQYF,0.61349726,LSFINYLCY,SLC7A10
Foster_2024.MM1,CASSYAVNTEAFF,0.57129693,REEYSAMRDQY,NRAS
Foster_2024.MM1,CASSYSGGAPDTQYF,0.5801311,NYLSFINYL,SLC7A10
Foster_2024.MM1,CASSYSGQGFTEAFF,0.76789176,REEYSAMRDQY,NRAS
Foster_2024.MM1,CASSYSRSSYEQYF,0.61511153,FHPLPFQNAW,CARD6
Foster_2024.MM1,CASSYSRSTYEQYF,0.8018037,SLDPEDPAL,MASP1
Foster_2024.MM1,CASTAAGQGPDEQYF,0.7147619,REEYSAMRDQY,NRAS
Foster_2024.MM1,CASTPLAGGGYNEQFF,0.6176229,DTAGREEYSAM,NRAS
Foster_2024.MM1,CASTTGYDEQFF,0.6421895,SINEQRKRY,EPS8L1
Foster_2024.MM1,CATEAGAPNEQFF,0.6057228,VHVRVNDVNEV,CLSTN3
Foster_2024.MM1,CATHGTPNYEQYF,0.6565043,LSFINYLCY,SLC7A10
Foster_2024.MM1,CATSTGGIGNTIYF,0.8534604,EHVSVLEFLL,PTGFRN
Foster_2024.MM1,CAWSATGLEIDTF,0.7441779,DWGPRFMRL,CDH8
Foster_2024.MM1,CAWSVILGGNEQFF,0.5193874,DSCIAQFYF,OR51V1
Foster_2024.MM1,CAWSVMSRANTGELFF,0.82478917,KPYPDFLML,TEX26
Foster_2024.MM1,CSARDSPGLAGGPRWEQYF,0.6361056,DTCPHAYHL,CHD3
Foster_2024.MM1,CSARERGTGDSPLHF,0.5504778,TLINYLSFINY,SLC7A10
Foster_2024.MM1,CSARSLTSGTPYNEQFF,0.6484315,YLSFINYLCY,SLC7A10
Foster_2024.MM1,CSASTTGNSGNTIYF,0.55582696,TLINYLSFINY,SLC7A10
Foster_2024.MM1,CSATGGSNYGYTF,0.4990771,VHVRVNDVNEV,CLSTN3
Foster_2024.MM1,CSGMNTEAFF,0.8074315,ERAQNIGIWF,ANO7
Foster_2024.MM1,CSVASADYEQYF,0.7380582,LEHVSVLEF,PTGFRN
Foster_2024.MM1,CSVEGGNTGELFF,0.91061527,KPYPDFLML,TEX26
Foster_2024.MM1,CSVESGHSGRNTEAFF,0.59851724,LEHVSVLEFL,PTGFRN
Foster_2024.MM1,CSVEVRSGGNSYEQYF,0.68177456,SRLRRMEAV,NKAP
Foster_2024.MM1,CSVGPEGVYGYTF,0.6158005,DTYTLINYL,SLC7A10
Foster_2024.MM1,CSVMDSNTEAFF,0.57421553,HPLPFQNAW,CARD6
Foster_2024.MM1,CSVRGLEGQETQYF,0.6329523,EHVSVLEFL,PTGFRN
Foster_2024.MM1,CSVRTGEKLFF,0.6489133,TLINYLSFINY,SLC7A10
Foster_2024.MM1,CSVWLAGSSSYEQYF,0.7432865,HAYHLVCL,CHD3
Foster_2024.MM1,CSVYSYNEQFF,0.7345172,YVMSGSRLR,NKAP
Foster_2024.MM2,CAIRDHSNSYEQYF,0.70405585,QLFDHILLL,SLC4A1
Foster_2024.MM2,CAISEINTEAFF,0.71187294,KQLEKDVDMQV,DNAI3
Foster_2024.MM2,CAISESDSSYEQYF,0.7691292,DAHSCTLKF,GABRA2
Foster_2024.MM2,CAISESVTYEQYF,0.8243683,NRDGAITF,RASEF
Foster_2024.MM2,CASGGLAGITDTQYF,0.73253816,MRDGKFCLM,KCNJ16
Foster_2024.MM2,CASGPNLDFDEQFF,0.59656453,YIFQYLEHIL,FAM200A
Foster_2024.MM2,CASGWGARHIQYF,0.7313727,HSCTLKFGSY,GABRA2
Foster_2024.MM2,CASLSIGSPYEQYF,0.511556,VTSGGTFIGIGW,TRPS1
Foster_2024.MM2,CASRAEGASGNTIYF,0.6916351,EALIADRW,TMPRSS6
Foster_2024.MM2,CASRGAWGEDKNIQYF,0.6709232,VNRSSIMRHF,C14orf93
Foster_2024.MM2,CASRGGLQETQYF,0.6787365,KMQGKNNYI,FAM200A
Foster_2024.MM2,CASRPSPGGLDEKLFF,0.72455263,SALEEAFRCF,TPPP
Foster_2024.MM2,CASRPTTLTDTQYF,0.7204568,AAEDGLTRQY,WDTC1
Foster_2024.MM2,CASRSAGGRETQYF,0.5538624,ALQLQITET,INAVA
Foster_2024.MM2,CASSADSGGTDTQYF,0.60992056,KMQGKNNYI,FAM200A
Foster_2024.MM2,CASSAPAGNTIYF,0.6552627,INTAEAQLAY,FLOT2
Foster_2024.MM2,CASSAVSGANVLTF,0.5726876,GIQLFDHILLL,SLC4A1
Foster_2024.MM2,CASSDGQGASPLHF,0.69296694,QLFDHILLL,SLC4A1
Foster_2024.MM2,CASSDGSEQFF,0.6401729,FVNRSSIMRHF,C14orf93
Foster_2024.MM2,CASSDIAGGNTEAFF,0.5780354,FLFRQGVPNW,MARS2
Foster_2024.MM2,CASSDSAGATDTQYF,0.60359216,RLPLPEPWWGL,MYG1
Foster_2024.MM2,CASSDSGTDTQYF,0.5949743,KMQGKNNYI,FAM200A
Foster_2024.MM2,CASSDSTSGADTQYF,0.5821802,LSIKEWVSM,FOCAD
Foster_2024.MM2,CASSEAGGTDTQYF,0.5875473,MAKGLNGRM,RAB40A
Foster_2024.MM2,CASSEDGGSYGYTF,0.6433538,AAEDGLTRQY,WDTC1
Foster_2024.MM2,CASSEGTAYEQYF,0.62660086,FLFRQGVPNW,MARS2
Foster_2024.MM2,CASSELGGRETQYF,0.5674825,SGIQLFDHILLL,SLC4A1
Foster_2024.MM2,CASSESGGGEYNEQFF,0.74023604,FLFRQGVPNW,MARS2
Foster_2024.MM2,CASSFPSGGYNEQFF,0.6313134,YIFQYLEHI,FAM200A
Foster_2024.MM2,CASSFSGQAADTQYF,0.5882556,SEEVNINT,FLOT2
Foster_2024.MM2,CASSGVRSSYEQYF,0.7007097,LFDHILLLF,SLC4A1
Foster_2024.MM2,CASSHPAGLMNF,0.44924575,GTFIGIGW,TRPS1
Foster_2024.MM2,CASSHRSRGEAFF,0.54490757,TKQWVSQNF,CATSPERE
Foster_2024.MM2,CASSIGPSSSEQFF,0.64736366,QLQEEHLHTQL,OPA1
Foster_2024.MM2,CASSIIGGFYNEQFF,0.7583964,GGTFIGIGW,TRPS1
Foster_2024.MM2,CASSILGNTEAFF,0.62795556,KMQGKNNYI,FAM200A
Foster_2024.MM2,CASSILPGAYEQYF,0.59909326,RLPLPEPWWGL,MYG1
Foster_2024.MM2,CASSIVDADTQYF,0.771306,QEMLQRLGHV,TRIML2
Foster_2024.MM2,CASSKPMGEGYTF,0.63245785,MRDGKFCLM,KCNJ16
Foster_2024.MM2,CASSLADMYEQYF,0.65653294,AELGDEALS,HELZ2
Foster_2024.MM2,CASSLAGLKELFF,0.74130785,GRHICGEAL,TMPRSS6
Foster_2024.MM2,CASSLAGTSGRKEQYF,0.5690431,SLSGIQLFDHIL,SLC4A1
Foster_2024.MM2,CASSLARNTEAFF,0.6520259,RPCGHCPEEW,KLRC1
Foster_2024.MM2,CASSLATSGLNTGELFF,0.6488214,AAPMLGRLVL,SLC52A1
Foster_2024.MM2,CASSLEASGQFF,0.6614529,SAFSEEVNINTA,FLOT2
Foster_2024.MM2,CASSLERYEQYF,0.6224764,MAAPMLGRL,SLC52A1
Foster_2024.MM2,CASSLGAGAGQPQHF,0.60341877,QSRLPLPEPWW,MYG1
Foster_2024.MM2,CASSLGGQGYEQYF,0.6283637,QLEKDVDMQV,DNAI3
Foster_2024.MM2,CASSLGPDKYEQYF,0.8654305,QLFDHILLL,SLC4A1
Foster_2024.MM2,CASSLGQGMMNTEAFF,0.57804257,INTAEAQLAY,FLOT2
Foster_2024.MM2,CASSLGRGPYEQYF,0.6672459,IQLFDHILLL,SLC4A1
Foster_2024.MM2,CASSLGSQETQYF,0.66783154,IQLFDHILLL,SLC4A1
Foster_2024.MM2,CASSLGSRLSPLHF,0.6525711,QLFDHILLLF,SLC4A1
Foster_2024.MM2,CASSLGSTDTQYF,0.7444385,MRDGKFCL,KCNJ16
Foster_2024.MM2,CASSLGTDTQYF,0.6757103,LFDHILLLF,SLC4A1
Foster_2024.MM2,CASSLGVSYGYTF,0.66700304,AEDGLTRQY,WDTC1
Foster_2024.MM2,CASSLGWQESDTQYF,0.69581985,NGRMMRGLSY,RAB40A
Foster_2024.MM2,CASSLLVGRVGATEQYF,0.5754451,GQLDGMYPPPV,MAGI2
Foster_2024.MM2,CASSLLVNSYEQYF,0.6420028,EECSSEHLTC,CSF1R
Foster_2024.MM2,CASSLNRDGYTF,0.95052433,LFDHILLLF,SLC4A1
Foster_2024.MM2,CASSLNYEQYF,0.7057674,QEMLQRLGHV,TRIML2
Foster_2024.MM2,CASSLPFARELFF,0.6822149,KLNQGTEHHL,POR
Foster_2024.MM2,CASSLPPRSGGVSNNEQFF,0.6190789,FSEEVNINTA,FLOT2
Foster_2024.MM2,CASSLRGGNSPLHF,0.6035482,KARPCGHCPEEW,KLRC1
Foster_2024.MM2,CASSLSGGPERMDKNIQYF,0.59150165,MAAPMLGRL,SLC52A1
Foster_2024.MM2,CASSLSGIAKNIQYF,0.6070508,QSRLPLPEPWW,MYG1
Foster_2024.MM2,CASSLSGNEQFF,0.72083634,IQLFDHILLL,SLC4A1
Foster_2024.MM2,CASSLSQWASGEETQYF,0.6221132,KMQGKNNYI,FAM200A
Foster_2024.MM2,CASSLTGATYDEQFF,0.54989624,FRQGVPNWDCDYY,MARS2
Foster_2024.MM2,CASSLVATGDNYGYTF,0.5746312,LSIKEWVSM,FOCAD
Foster_2024.MM2,CASSLVGASSYNSPLHF,0.57026047,SLLEDKTYF,TASOR
Foster_2024.MM2,CASSLVGQEEETQYF,0.7406909,DAHSCTLKF,GABRA2
Foster_2024.MM2,CASSPDPLYGDEQYF,0.59651315,HSCTLKFGSY,GABRA2
Foster_2024.MM2,CASSPGLAGGFQYEQYF,0.61856675,MAAPMLGRLVL,SLC52A1
Foster_2024.MM2,CASSPGTSGVTDTQYF,0.6828761,SLLEDKTYF,TASOR
Foster_2024.MM2,CASSPLAGELSYEQYF,0.5638339,TETARRLCL,INAVA
Foster_2024.MM2,CASSPLPGGVEAFF,0.65133303,KNNYIFQYL,FAM200A
Foster_2024.MM2,CASSPQGFRGLIGYTF,0.5717676,FPMDAHSCTL,GABRA2
Foster_2024.MM2,CASSPRVEQETQYF,0.6037433,VRGGYVLHV,AARS1
Foster_2024.MM2,CASSPSREYNEQFF,0.6167315,EEVNINTAEA,FLOT2
Foster_2024.MM2,CASSPTAADTQYF,0.57677794,GAIHDFSEEL,FEZ1
Foster_2024.MM2,CASSPWDGGATGELFF,0.6127705,NGRMMRGLSY,RAB40A
Foster_2024.MM2,CASSQAGGPQHF,0.49089774,LPLPEPWW,MYG1
Foster_2024.MM2,CASSQDAGANEKLFF,0.5992142,EEHLHTQLKY,OPA1
Foster_2024.MM2,CASSQDISSGANVLTF,0.73549336,SGGTFIGIGW,TRPS1
Foster_2024.MM2,CASSQDLLNSFSGNTIYF,0.6039152,EECSSEHLTC,CSF1R
Foster_2024.MM2,CASSQDSRQNTGELFF,0.6188361,KLNQGTEHHLM,POR
Foster_2024.MM2,CASSQDTYTEAFF,0.6780306,SAFSEEVNINTA,FLOT2
Foster_2024.MM2,CASSQEAWGGNQPQHF,0.8017977,LPLPEPWW,MYG1
Foster_2024.MM2,CASSQEGLPGQGGTNEQFF,0.7390785,VTSGGTFIGIGW,TRPS1
Foster_2024.MM2,CASSRAGGARFNEQFF,0.7452504,KARPCGHCPEEW,KLRC1
Foster_2024.MM2,CASSSDSGGTDTQYF,0.67815775,AAPMLGRLVL,SLC52A1
Foster_2024.MM2,CASSSPGPWGDTQYF,0.73295724,EEAFRCFAV,TPPP
Foster_2024.MM2,CASSSQNSYEQYF,0.61697125,SEEVNINTA,FLOT2
Foster_2024.MM2,CASSSRIGTQYF,0.63774693,KARPCGHCPEEW,KLRC1
Foster_2024.MM2,CASSSSRDGEKLFF,0.5490968,QRLDANRDGAITF,RASEF
Foster_2024.MM2,CASSSTRTAGAFGNTIYF,0.5893082,HDFSEELVQQLA,FEZ1
Foster_2024.MM2,CASSSTVDTQYF,0.60323244,GKNNYIFQY,FAM200A
Foster_2024.MM2,CASSVGLGPYNEQFF,0.8664637,LQEEHLHTQL,OPA1
Foster_2024.MM2,CASSWGLGTEAFF,0.7575955,EECSSEHLTC,CSF1R
Foster_2024.MM2,CASSWTGRDQPQHF,0.6818806,QLFDHILLLF,SLC4A1
Foster_2024.MM2,CASSYGASGTAIYEQYF,0.6006321,GMYPPPVHDDNV,MAGI2
Foster_2024.MM2,CASTDLPGGGTEAFF,0.5779329,AGREEYSAM,NRAS
Foster_2024.MM2,CASTPGLAGEHTGELFF,0.70456463,NGRMMRGLSY,RAB40A
Foster_2024.MM2,CATLDRAIGLFF,0.60184336,TSGGTFIGIGW,TRPS1
Foster_2024.MM2,CATSDGEEQFF,0.62235385,NINTAEAQL,FLOT2
Foster_2024.MM2,CATSESGGTTYEQFF,0.74912685,SAFSEEVNINTA,FLOT2
Foster_2024.MM2,CAWSLTRDRVEAFF,0.637847,LFDHILLLF,SLC4A1
Foster_2024.MM2,CAWSPGTDYEQYF,0.800696,NGRMMRGLSY,RAB40A
Foster_2024.MM2,CAWTGGPYTGELFF,0.5211319,SEEVNINTA,FLOT2
Foster_2024.MM2,CSALVMPGLASDNEQFF,0.55240476,GEALIADRW,TMPRSS6
Foster_2024.MM2,CSARDLEGVAEQYF,0.6721923,FRQGVPNWDCDYY,MARS2
Foster_2024.MM2,CSARDQDGGLDEQYF,0.89912605,KQLEKDVDMQV,DNAI3
Foster_2024.MM2,CSARGGVTDTQYF,0.7900148,SLSGIQLFDHI,SLC4A1
Foster_2024.MM2,CSARGPGQSYEQYF,0.7276625,QEMLQRLGHV,TRIML2
Foster_2024.MM2,CSARPPAGGSGELFF,0.7282605,QLFDHILLL,SLC4A1
Foster_2024.MM2,CSARVREYEQYF,0.816114,KQLEKDVDMQV,DNAI3
Foster_2024.MM2,CSASGLAGGSYEQYF,0.68238807,SLLEDKTYF,TASOR
Foster_2024.MM2,CSASGRAGGSYEQYF,0.71158963,KMQGKNNYI,FAM200A
Foster_2024.MM2,CSAWVAGVKSDTQYF,0.71612036,KNNYIFQYL,FAM200A
Foster_2024.MM2,CSAYPGTGQSSYEQYF,0.6699914,TEHHLMHL,POR
Foster_2024.MM2,CSVDDRRNEQFF,0.7438292,QLEKDVDMQV,DNAI3
Foster_2024.MM2,CSVDMSTNTEAFF,0.63458407,FLSIKEWVSMV,FOCAD
Foster_2024.MM2,CSVEDQGIGETQYF,0.61553204,EEAFRCFA,TPPP
Foster_2024.MM2,CSVLGLAGTLGEQFF,0.5769181,HEQIFLEKH,MRPS31
Foster_2024.MM2,CSVLNPGSSYNEQFF,0.59123284,VRGGYVLHV,AARS1
Foster_2024.MM2,CSVLPDASDTQYF,0.81525135,LSIKEWVSM,FOCAD
Foster_2024.MM2,CSVQSGGLSTGELFF,0.8885729,QLEKDVDMQV,DNAI3
Foster_2024.MM2,CSVVDGANYGYTF,0.67240876,NSLLEDKTYF,TASOR