"donor_id","chain","clone_id","hit","annot"
"Foster_2024.SMM1","TRA","Foster_2024.MM4-15","1match1clus","CMV"
"Foster_2024.SMM1","TRA","Foster_2024.MM4-2515","1match1clus","CMV"
"Foster_2024.SMM1","TRA","Foster_2024.SMM1-23","1match1clus","CMV"
"Foster_2024.SMM1","TRA","Foster_2024.SMM1-2897","1match1clus","CMV"
"Foster_2024.SMM1","TRB","Foster_2024.MM4-15","1match1clus","CMV"
"Foster_2024.SMM1","TRB","Foster_2024.SMM1-23","1match1clus","CMV"
"Foster_2024.SMM1","TRA","Foster_2024.SMM1-1037","1match1clus","CMV"
"Foster_2024.SMM1","TRB","Foster_2024.SMM1-1037","1match1clus","CMV"
"Foster_2024.SMM1","TRA","Foster_2024.MM4-147","1match1clus","EBV"
"Foster_2024.SMM1","TRA","Foster_2024.SMM1-69","1match1clus","EBV"
"Foster_2024.SMM1","TRB","Foster_2024.MM4-147","1match1clus","EBV"
"Foster_2024.SMM1","TRB","Foster_2024.SMM1-69","1match1clus","EBV"
"Foster_2024.SMM1","TRA","Foster_2024.MM4-72","1match1clus","CMV"
"Foster_2024.SMM1","TRA","Foster_2024.SMM1-100","1match1clus","CMV"
"Foster_2024.SMM1","TRB","Foster_2024.MM4-72","1match1clus","CMV"
"Foster_2024.SMM1","TRB","Foster_2024.SMM1-100","1match1clus","CMV"
"Foster_2024.SMM1","TRB","Foster_2024.MM4-1073","2match","CMV"
"Foster_2024.SMM1","TRB","Foster_2024.MM4-1074","2match","CMV"
"Foster_2024.SMM1","TRB","Foster_2024.MM4-1075","2match","CMV"
"Foster_2024.SMM1","TRB","Foster_2024.MM4-1076","2match","CMV"
"Foster_2024.SMM1","TRB","Foster_2024.MM4-190","2match","CMV"
"Foster_2024.SMM1","TRB","Foster_2024.MM4-29","2match","CMV"
"Foster_2024.SMM1","TRB","Foster_2024.SMM1-112","2match","CMV"
"Foster_2024.SMM1","TRB","Foster_2024.SMM1-1269","2match","CMV"
"Foster_2024.SMM1","TRB","Foster_2024.SMM1-1271","2match","CMV"
"Foster_2024.SMM1","TRB","Foster_2024.SMM1-46","2match","CMV"
"Foster_2024.SMM1","TRA","Foster_2024.HD1-273","2match","CMV"
"Foster_2024.SMM1","TRA","Foster_2024.MM4-190","2match","CMV"
"Foster_2024.SMM1","TRA","Foster_2024.MM4-29","2match","CMV"
"Foster_2024.SMM1","TRA","Foster_2024.MM4-3675","2match","CMV"
"Foster_2024.SMM1","TRA","Foster_2024.MM4-3676","2match","CMV"
"Foster_2024.SMM1","TRA","Foster_2024.MM4-47","2match","CMV"
"Foster_2024.SMM1","TRA","Foster_2024.SMM1-112","2match","CMV"
"Foster_2024.SMM1","TRA","Foster_2024.SMM1-25","2match","CMV"
"Foster_2024.SMM1","TRA","Foster_2024.SMM1-46","2match","CMV"
"Foster_2024.SMM1","TRA","Foster_2024.SMM1-503","2match","CMV"
"Foster_2024.SMM1","TRA","Foster_2024.SMM10-426","2match","CMV"
"Foster_2024.SMM1","TRA","Foster_2024.SMM10-427","2match","CMV"
"Foster_2024.SMM1","TRA","Foster_2024.SMM13-158","2match","CMV"
"Foster_2024.SMM1","TRA","Foster_2024.SMM5-163","2match","CMV"
"Foster_2024.SMM1","TRA","MH8919179-142","2match","CMV"
"Foster_2024.SMM1","TRA","MH8919179-28","2match","CMV"
"Foster_2024.SMM1","TRA","Foster_2024.SMM1-3419","1match1clus","CMV"
"Foster_2024.SMM1","TRA","MH8919176-50","1match1clus","CMV"
"Foster_2024.SMM1","TRB","Foster_2024.MM4-472","1match1clus","CMV"
"Foster_2024.SMM1","TRB","Foster_2024.SMM1-3419","1match1clus","CMV"
"Foster_2024.SMM1","TRA","Foster_2024.MM4-64","1match1clus","CMV"
"Foster_2024.SMM1","TRA","Foster_2024.SMM1-110","1match1clus","CMV"
"Foster_2024.SMM1","TRB","Foster_2024.MM4-64","1match1clus","CMV"
"Foster_2024.SMM1","TRB","Foster_2024.SMM1-110","1match1clus","CMV"
"Foster_2024.SMM1","TRB","Foster_2024.SMM1-3217","1match1clus","CMV"
"Foster_2024.SMM1","TRB","Foster_2024.MM4-3066","1match1clus","CMV"
"Foster_2024.SMM1","TRB","Foster_2024.SMM1-3218","1match1clus","CMV"
"Foster_2024.SMM1","TRA","Foster_2024.MGUS1-3827","1match1clus","CMV"
"Foster_2024.SMM1","TRA","Foster_2024.MM4-3066","1match1clus","CMV"
"Foster_2024.SMM1","TRA","Foster_2024.SMM1-3217","1match1clus","CMV"
"Foster_2024.SMM1","TRA","Foster_2024.SMM1-3218","1match1clus","CMV"
"Foster_2024.SMM1","TRB","Foster_2024.MM4-47","2match","CMV"
"Foster_2024.SMM1","TRB","Foster_2024.SMM1-1266","2match","CMV"
"Foster_2024.SMM1","TRB","Foster_2024.SMM1-25","2match","CMV"
"Foster_2024.SMM1","TRB","Foster_2024.SMM10-427","2match","CMV"
"Foster_2024.SMM1","TRB","Foster_2024.SMM13-158","2match","CMV"
"Foster_2024.SMM1","TRB","Foster_2024.SMM5-163","2match","CMV"
"Foster_2024.SMM1","TRB","MH8919179-28","2match","CMV"
"Foster_2024.SMM1","TRB","Foster_2024.HD1-254","1match1clus","CMV"
"Foster_2024.SMM1","TRB","Foster_2024.SMM1-1370","1match1clus","CMV"
"Foster_2024.SMM1","TRA","Foster_2024.SMM1-1370","1match1clus","CMV"
"Foster_2024.SMM1","TRB","Foster_2024.SMM1-503","2match","CMV"
"Foster_2024.SMM1","TRB","Foster_2024.SMM10-426","2match","CMV"
"Foster_2024.SMM1","TRB","MM-P20190322_C000826:1","2match","CMV"
"Foster_2024.SMM1","TRB","MM-P20190322_C001631:1","2match","CMV"
"Foster_2024.SMM1","TRB","MM-P20190322_C001632:2","2match","CMV"
"Foster_2024.SMM1","TRA","Foster_2024.MM4-162","1match1clus","CMV"
"Foster_2024.SMM1","TRB",NA,"1match1clus","CMV"
"Foster_2024.SMM1","TRA","Foster_2024.MM4-295","1match1clus","CMV"
"Foster_2024.SMM1","TRA","Foster_2024.SMM1-169","1match1clus","CMV"
"Foster_2024.SMM1","TRB","Foster_2024.MM4-295","1match1clus","CMV"
"Foster_2024.SMM1","TRB","Foster_2024.SMM1-169","1match1clus","CMV"
"Foster_2024.SMM1","TRA","Foster_2024.SMM1-1358","1match1clus","CMV"
"Foster_2024.SMM1","TRB","Foster_2024.SMM1-1358","1match1clus","CMV"
"Foster_2024.SMM1","TRA","Foster_2024.SMM13-3321","1match1clus","CMV"
"Foster_2024.SMM1","TRA","Foster_2024.SMM6-627","1match1clus","CMV"
"Foster_2024.SMM1","TRA",NA,"1match1clus","CMV"
"Foster_2024.SMM1","TRA","Foster_2024.HD3-4140","2match","CMV"
"Foster_2024.SMM1","TRA","Foster_2024.MM4-158","2match","CMV"
"Foster_2024.SMM1","TRA","Foster_2024.MM5-959","2match","CMV"
"Foster_2024.SMM1","TRB","Foster_2024.MM4-158","2match","CMV"
"Foster_2024.SMM1","TRB","Foster_2024.SMM1-1311","1match1clus","CMV"
"Foster_2024.SMM1","TRA","Foster_2024.MM5-237","1match1clus","CMV"
"Foster_2024.SMM1","TRA","Foster_2024.SMM1-1311","1match1clus","CMV"
"Foster_2024.SMM1","TRA","Foster_2024.SMM1-3679","1match1clus","CMV"
"Foster_2024.SMM1","TRB","Foster_2024.SMM1-3679","1match1clus","CMV"
"Foster_2024.SMM1","TRA","Foster_2024.SMM1-2502","1match1clus","CMV"
"Foster_2024.SMM1","TRA","Foster_2024.SMM4-2692","1match1clus","CMV"
"Foster_2024.SMM1","TRB","Foster_2024.SMM1-2502","1match1clus","CMV"
"Foster_2024.SMM1","TRA","Foster_2024.HD2-6541","1match1clus","CMV"
"Foster_2024.SMM1","TRA","Foster_2024.SMM1-2463","1match1clus","CMV"
"Foster_2024.SMM1","TRB","Foster_2024.SMM1-2463","1match1clus","CMV"
"Foster_2024.SMM1","TRA","Foster_2024.HD3-114","1match1clus","EBV"
"Foster_2024.SMM1","TRB",NA,"1match1clus","EBV"
"Foster_2024.SMM1","TRB","Foster_2024.SMM1-386","1match1clus","CMV"
"Foster_2024.SMM1","TRA","Foster_2024.SMM1-386","1match1clus","CMV"
"Foster_2024.SMM1","TRA","Foster_2024.SMM1-3036","1match1clus","CMV"
"Foster_2024.SMM1","TRB","Foster_2024.SMM1-3036","1match1clus","CMV"
"Foster_2024.SMM1","TRB","Foster_2024.SMM1-198","1match1clus","CMV"
"Foster_2024.SMM1","TRA","Foster_2024.SMM1-198","1match1clus","CMV"
"Foster_2024.SMM1","TRA","Foster_2024.SMM1-3145","1match1clus","CMV"
"Foster_2024.SMM1","TRB","Foster_2024.SMM1-3145","1match1clus","CMV"
"Foster_2024.SMM1","TRB","Foster_2024.SMM1-384","1match1clus","CMV"
"Foster_2024.SMM1","TRA","Foster_2024.SMM1-384","1match1clus","CMV"
"Foster_2024.SMM1","TRB","Foster_2024.MM4-66","1match1clus","EBV"
"Foster_2024.SMM1","TRB","Foster_2024.SMM1-116","1match1clus","EBV"
"Foster_2024.SMM1","TRB","Foster_2024.SMM1-1740","1match1clus","EBV"
"Foster_2024.SMM1","TRA","Foster_2024.MM4-66","1match1clus","EBV"
"Foster_2024.SMM1","TRA","Foster_2024.SMM1-116","1match1clus","EBV"
"Foster_2024.SMM1","TRA","Foster_2024.SMM1-2865","1match1clus","CMV"
"Foster_2024.SMM1","TRB","Foster_2024.SMM1-2865","1match1clus","CMV"
"Foster_2024.SMM1","TRA","Foster_2024.SMM11-262","1match1clus","CMV"
"Foster_2024.SMM1","TRB","Foster_2024.SMM1-889","1match1clus","CMV"
"Foster_2024.SMM1","TRA","Foster_2024.SMM1-889","1match1clus","CMV"
"Foster_2024.SMM1","TRB","Foster_2024.MM4-3292","1match1clus","CMV"
"Foster_2024.SMM1","TRB","Foster_2024.SMM1-3421","1match1clus","CMV"
"Foster_2024.SMM1","TRA","Foster_2024.MM4-3292","1match1clus","CMV"
"Foster_2024.SMM1","TRA","Foster_2024.SMM1-3421","1match1clus","CMV"
"Foster_2024.SMM1","TRB","Foster_2024.SMM1-1475","1match1clus","CMV"
"Foster_2024.SMM1","TRA","Foster_2024.SMM1-1475","1match1clus","CMV"
"Foster_2024.SMM1","TRB","Foster_2024.SMM1-3230","1match1clus","CMV"
"Foster_2024.SMM1","TRA","Foster_2024.SMM1-3230","1match1clus","CMV"
"Foster_2024.SMM1","TRB","Foster_2024.MM4-65","1match1clus","CMV"
"Foster_2024.SMM1","TRB","Foster_2024.SMM1-1725","1match1clus","CMV"
"Foster_2024.SMM1","TRB","Foster_2024.SMM1-2116","1match1clus","CMV"
"Foster_2024.SMM1","TRB","Foster_2024.SMM1-99","1match1clus","CMV"
"Foster_2024.SMM1","TRB","Foster_2024.SMM13-3324","1match1clus","CMV"
"Foster_2024.SMM1","TRA","Foster_2024.MM4-65","1match1clus","CMV"
"Foster_2024.SMM1","TRA","Foster_2024.SMM1-2116","1match1clus","CMV"
"Foster_2024.SMM1","TRA","Foster_2024.SMM1-99","1match1clus","CMV"
"Foster_2024.SMM1","TRA","Foster_2024.MM4-370","1match1clus","CMV"
"Foster_2024.SMM1","TRA","Foster_2024.SMM1-618","1match1clus","CMV"
"Foster_2024.SMM1","TRB","Foster_2024.MM4-370","1match1clus","CMV"
"Foster_2024.SMM1","TRB","Foster_2024.SMM1-618","1match1clus","CMV"
"Foster_2024.SMM1","TRB","Foster_2024.SMM1-1317","1match1clus","CMV"
"Foster_2024.SMM1","TRA","Foster_2024.SMM1-1317","1match1clus","CMV"
"Foster_2024.SMM1","TRB","Foster_2024.SMM1-1945","1match1clus","CMV"
"Foster_2024.SMM1","TRA","Foster_2024.SMM1-1945","1match1clus","CMV"
"Foster_2024.SMM1","TRA","BGCV13_CV0934-1436","1match1clus","CMV"
"Foster_2024.SMM1","TRA","MH8919178-1671","1match1clus","CMV"
"Foster_2024.SMM1","TRB","Foster_2024.SMM1-1417","1match1clus","CMV"
"Foster_2024.SMM1","TRB","Foster_2024.SMM1-1526","1match1clus","CMV"
"Foster_2024.SMM1","TRA","Foster_2024.MM7-2861","1match1clus","CMV"
"Foster_2024.SMM1","TRA","Foster_2024.SMM1-1526","1match1clus","CMV"
"Foster_2024.SMM1","TRA","Foster_2024.SMM1-178","1match1clus","CMV"
"Foster_2024.SMM1","TRA","Foster_2024.SMM12-3198","1match1clus","CMV"
"Foster_2024.SMM1","TRA","MM-P20190122_C002876:2","1match1clus","CMV"
"Foster_2024.SMM1","TRB","Foster_2024.SMM1-1510","1match1clus","CMV"
"Foster_2024.SMM1","TRA","Foster_2024.SMM1-1510","1match1clus","CMV"
"Foster_2024.SMM1","TRA","Foster_2024.MM5-121","1match1clus","CMV"
"Foster_2024.SMM1","TRA","Foster_2024.SMM1-1337","1match1clus","CMV"
"Foster_2024.SMM1","TRB","Foster_2024.SMM1-1337","1match1clus","CMV"
"Foster_2024.SMM1","TRB","Foster_2024.SMM1-3115","1match1clus","CMV"
"Foster_2024.SMM1","TRB","Foster_2024.SMM1-3222","1match1clus","CMV"
"Foster_2024.SMM1","TRA","Foster_2024.SMM1-3115","1match1clus","CMV"
"Foster_2024.SMM1","TRA","Foster_2024.SMM1-3442","1match1clus","CMV"
"Foster_2024.SMM1","TRB","Foster_2024.SMM1-3442","1match1clus","CMV"
"Foster_2024.SMM1","TRA","Foster_2024.SMM1-2119","1match1clus","CMV"
"Foster_2024.SMM1","TRB","Foster_2024.SMM1-2119","1match1clus","CMV"
"Foster_2024.SMM1","TRA","Foster_2024.SMM1-1123","1match1clus","CMV"
"Foster_2024.SMM1","TRB","Foster_2024.SMM1-1123","1match1clus","CMV"
"Foster_2024.SMM1","TRA","Foster_2024.SMM1-2837","1match1clus","CMV"
"Foster_2024.SMM1","TRB","Foster_2024.SMM1-2837","1match1clus","CMV"
"Foster_2024.SMM1","TRB","Foster_2024.SMM1-2491","1match1clus","CMV"
"Foster_2024.SMM1","TRA","Foster_2024.SMM1-2491","1match1clus","CMV"
"Foster_2024.SMM1","TRB","Foster_2024.SMM1-1913","1match1clus","CMV"
"Foster_2024.SMM1","TRA","Foster_2024.SMM1-1913","1match1clus","CMV"
"Foster_2024.SMM1","TRA","Foster_2024.SMM4-3887","1match1clus","CMV"
"Foster_2024.SMM1","TRB","Foster_2024.SMM1-3014","1match1clus","CMV"
"Foster_2024.SMM1","TRA","Foster_2024.MM5-244","1match1clus","CMV"
"Foster_2024.SMM1","TRA","Foster_2024.SMM1-3014","1match1clus","CMV"
"Foster_2024.SMM1","TRB","Foster_2024.MM4-1643","1match1clus","CMV"
"Foster_2024.SMM1","TRB","Foster_2024.SMM1-1845","1match1clus","CMV"
"Foster_2024.SMM1","TRA","Foster_2024.MM4-1643","1match1clus","CMV"
"Foster_2024.SMM1","TRA","Foster_2024.SMM1-1845","1match1clus","CMV"
"Foster_2024.SMM1","TRA","Foster_2024.SMM1-2836","1match1clus","CMV"
"Foster_2024.SMM1","TRA","Foster_2024.SMM11-1401","1match1clus","CMV"
"Foster_2024.SMM1","TRA","Foster_2024.SMM8-4910","1match1clus","CMV"
"Foster_2024.SMM1","TRB","Foster_2024.SMM1-2836","1match1clus","CMV"
"Foster_2024.SMM2","TRB",NA,"1match1clus","EBV"
"Foster_2024.SMM2","TRA","Foster_2024.MGUS1-1306","1match1clus","EBV"
"Foster_2024.SMM2","TRA","Foster_2024.MGUS1-339","1match1clus","EBV"
"Foster_2024.SMM2","TRA","Foster_2024.MM6-1869","1match1clus","EBV"
"Foster_2024.HD1","TRA","Foster_2024.SMM13-691","1match1clus","CMV"
"Foster_2024.HD1","TRA","Foster_2024.SMM13-692","1match1clus","CMV"
"Foster_2024.HD1","TRA","Foster_2024.SMM14-6","1match1clus","CMV"
"Foster_2024.HD1","TRA","Foster_2024.SMM5-69","1match1clus","CMV"
"Foster_2024.HD1","TRB","Foster_2024.SMM13-691","1match1clus","CMV"
"Foster_2024.HD1","TRB","Foster_2024.SMM13-692","1match1clus","CMV"
"Foster_2024.HD1","TRB","Foster_2024.SMM14-6","1match1clus","CMV"
"Foster_2024.HD1","TRB","Foster_2024.SMM5-69","1match1clus","CMV"
"Foster_2024.HD1","TRB","Foster_2024.SMM14-224","1match1clus","CMV"
"Foster_2024.HD1","TRA","Foster_2024.SMM14-224","1match1clus","CMV"
"Foster_2024.HD1","TRA","Conde_2022.637C-180","1match1clus","CMV"
"Foster_2024.HD1","TRB","Foster_2024.SMM14-23","1match1clus","CMV"
"Foster_2024.HD1","TRA","Foster_2024.SMM14-23","1match1clus","CMV"
"Foster_2024.HD1","TRB","Foster_2024.SMM14-331","1match1clus","CMV"
"Foster_2024.HD1","TRA","Foster_2024.SMM14-331","1match1clus","CMV"
"Foster_2024.HD1","TRB","Foster_2024.SMM14-380","1match1clus","CMV"
"Foster_2024.HD1","TRA","Foster_2024.SMM11-7734","1match1clus","CMV"
"Foster_2024.HD1","TRA","Foster_2024.SMM14-380","1match1clus","CMV"
"Foster_2024.HD1","TRB","Foster_2024.SMM14-378","1match1clus","CMV"
"Foster_2024.HD1","TRA","Foster_2024.SMM14-378","1match1clus","CMV"
"Foster_2024.HD1","TRB","Foster_2024.SMM14-226","1match1clus","CMV"
"Foster_2024.HD1","TRA","Foster_2024.SMM14-226","1match1clus","CMV"
"Foster_2024.HD1","TRB","Foster_2024.SMM14-151","1match1clus","CMV"
"Foster_2024.HD1","TRA","Foster_2024.SMM14-151","1match1clus","CMV"
"Foster_2024.HD1","TRA","Foster_2024.SMM2-3253","1match1clus","CMV"
"Foster_2024.HD1","TRA","Foster_2024.SMM4-4630","1match1clus","CMV"
"Foster_2024.HD1","TRB","Foster_2024.SMM14-397","1match1clus","CMV"
"Foster_2024.HD1","TRA","Foster_2024.SMM14-397","1match1clus","CMV"
"Foster_2024.HD2","TRA","Foster_2024.HD2-2988","1match1clus","SARS-CoV-2"
"Foster_2024.HD2","TRB","Foster_2024.HD2-2988","1match1clus","SARS-CoV-2"
"Foster_2024.HD2","TRA","Foster_2024.HD2-1583","1match1clus","InfluenzaA"
"Foster_2024.HD2","TRA","Foster_2024.MM6-3171","1match1clus","InfluenzaA"
"Foster_2024.HD2","TRB","Foster_2024.HD2-1583","1match1clus","InfluenzaA"
"Foster_2024.HD3","TRA","Foster_2024.HD3-114","2match","EBV"
"Foster_2024.HD3","TRB","Foster_2024.HD3-1076","2match","EBV"
"Foster_2024.HD3","TRB","Foster_2024.HD3-1077","2match","EBV"
"Foster_2024.HD3","TRB","Foster_2024.HD3-114","2match","EBV"
"Foster_2024.HD3","TRB","Foster_2024.HD3-385","2match","SARS-CoV-2"
"Foster_2024.HD3","TRA","Foster_2024.HD3-385","2match","SARS-CoV-2"
"Foster_2024.HD3","TRB","MH8919178-2066","1match1clus","InfluenzaA"
"Foster_2024.HD3","TRA","Foster_2024.HD2-5926","1match1clus","InfluenzaA"
"Foster_2024.HD3","TRA","Foster_2024.SMM13-40","1match1clus","InfluenzaA"
"Foster_2024.HD3","TRA","Foster_2024.SMM13-662","1match1clus","InfluenzaA"
"Foster_2024.HD3","TRA","Foster_2024.SMM5-26","1match1clus","InfluenzaA"
"Foster_2024.HD3","TRA","Foster_2024.SMM5-5234","1match1clus","InfluenzaA"
"Foster_2024.HD3","TRA","MH8919178-2066","1match1clus","InfluenzaA"
"Foster_2024.HD3","TRA","MH8919332-2745","1match1clus","InfluenzaA"
"Foster_2024.HD3","TRA","Foster_2024.HD3-229","2match","EBV"
"Foster_2024.HD3","TRB","Foster_2024.HD3-229","2match","EBV"
"Foster_2024.HD3","TRB","Foster_2024.HD3-4903","1match1clus","InfluenzaA"
"Foster_2024.HD3","TRA","Foster_2024.HD3-4903","1match1clus","InfluenzaA"
"Foster_2024.MM5","TRA",NA,"2match","SARS-CoV-2"
"Foster_2024.MM5","TRB","Foster_2024.MM5-1069","2match","SARS-CoV-2"
"Foster_2024.MM5","TRB","Foster_2024.MM5-1071","2match","SARS-CoV-2"
"Foster_2024.MM6","TRB","Foster_2024.MM6-1854","2match","EBV"
"Foster_2024.MM6","TRA","Foster_2024.MM6-1854","2match","EBV"
"Foster_2024.MM6","TRB","Foster_2024.MM6-1869","1match1clus","EBV"
"Foster_2024.MM6","TRA","Foster_2024.MGUS1-1306","1match1clus","EBV"
"Foster_2024.MM6","TRA","Foster_2024.MGUS1-339","1match1clus","EBV"
"Foster_2024.MM6","TRA","Foster_2024.MM6-1869","1match1clus","EBV"
"Foster_2024.MM6","TRA","Foster_2024.HD3-114","2match","EBV"
"Foster_2024.MM6","TRB","Foster_2024.HD3-229","2match","EBV"
"Foster_2024.MM6","TRB","Foster_2024.MM6-658","1match1clus","EBV"
"Foster_2024.MM6","TRA","Foster_2024.MM6-655","1match1clus","EBV"
"Foster_2024.MM6","TRA","Foster_2024.MM6-658","1match1clus","EBV"
"Foster_2024.MM6","TRA","Foster_2024.MM7-906","1match1clus","EBV"
"Foster_2024.MM6","TRA","MH8919178-420","1match1clus","EBV"
"Foster_2024.MM6","TRA","MH8919283-647","1match1clus","EBV"
"Foster_2024.MM6","TRB","Foster_2024.MM6-655","1match1clus","EBV"
"Foster_2024.MM7","TRB","Foster_2024.MM4-688","1match1clus","EBV"
"Foster_2024.MM7","TRB","Foster_2024.MM7-66","1match1clus","EBV"
"Foster_2024.MM7","TRA","Foster_2024.MM7-66","1match1clus","EBV"
"Foster_2024.MM7","TRB","Foster_2024.MM7-17","1match1clus","CMV"
"Foster_2024.MM7","TRB","Foster_2024.MM7-3384","1match1clus","CMV"
"Foster_2024.MM7","TRB","Foster_2024.MM7-3386","1match1clus","CMV"
"Foster_2024.MM7","TRB","Foster_2024.MM7-3387","1match1clus","CMV"
"Foster_2024.MM7","TRB","Foster_2024.MM7-3388","1match1clus","CMV"
"Foster_2024.MM7","TRB","Foster_2024.MM7-3389","1match1clus","CMV"
"Foster_2024.MM7","TRB","Foster_2024.MM7-3390","1match1clus","CMV"
"Foster_2024.MM7","TRB","Foster_2024.SMM12-3810","1match1clus","CMV"
"Foster_2024.MM7","TRA","Foster_2024.MM7-17","1match1clus","CMV"
"Foster_2024.MM7","TRB","Foster_2024.MM7-2565","1match1clus","CMV"
"Foster_2024.MM7","TRA","Foster_2024.MM7-2565","1match1clus","CMV"
"Foster_2024.MM7","TRB","Foster_2024.MM7-109","1match1clus","CMV"
"Foster_2024.MM7","TRA","Foster_2024.MM7-109","1match1clus","CMV"
"Foster_2024.MM7","TRA","Foster_2024.SMM8-4402","1match1clus","CMV"
"Foster_2024.MM7","TRA","MM-P20181219_C000061:1","1match1clus","CMV"
"Foster_2024.MM7","TRA","MM-P20190122_C000162:1","1match1clus","CMV"
"Foster_2024.MM7","TRA","MM-P20190122_C001089:1","1match1clus","CMV"
"Foster_2024.MM7","TRB","Foster_2024.MM7-65","1match1clus","CMV"
"Foster_2024.MM7","TRA","Foster_2024.MM4-3637","1match1clus","CMV"
"Foster_2024.MM7","TRA","Foster_2024.MM7-65","1match1clus","CMV"
"Foster_2024.MM7","TRA","BGCV02_CV0902-778","1match1clus","CMV"
"Foster_2024.MM7","TRA","Foster_2024.MM7-1001","1match1clus","CMV"
"Foster_2024.MM7","TRB","Foster_2024.MM7-1001","1match1clus","CMV"
"Foster_2024.MM7","TRA","Foster_2024.MM6-655","1match1clus","EBV"
"Foster_2024.MM7","TRA","Foster_2024.MM6-658","1match1clus","EBV"
"Foster_2024.MM7","TRA","Foster_2024.MM7-906","1match1clus","EBV"
"Foster_2024.MM7","TRA","MH8919178-420","1match1clus","EBV"
"Foster_2024.MM7","TRA","MH8919283-647","1match1clus","EBV"
"Foster_2024.MM7","TRB","Foster_2024.MM7-738","1match1clus","EBV"
"Foster_2024.MM7","TRB","Foster_2024.MM7-906","1match1clus","EBV"
"Foster_2024.MM7","TRB","MH8919283-647","1match1clus","EBV"
"Foster_2024.MM7","TRB","Foster_2024.MM7-927","1match1clus","CMV"
"Foster_2024.MM7","TRA","Foster_2024.HD2-5186","1match1clus","CMV"
"Foster_2024.MM7","TRA","Foster_2024.MM7-927","1match1clus","CMV"
"Foster_2024.MM7","TRA","MH8919332-2273","1match1clus","CMV"
"Foster_2024.MM7","TRB","Foster_2024.MM7-3675","1match1clus","CMV"
"Foster_2024.MM7","TRA","Foster_2024.MM7-3675","1match1clus","CMV"
"Foster_2024.MM7","TRB","Foster_2024.MM7-3080","2match","CMV"
"Foster_2024.MM7","TRA","Foster_2024.MM7-3080","2match","CMV"
"Foster_2024.MM7","TRA","Maura_2023.PT32-clonotype2297","2match","CMV"
"Foster_2024.MM7","TRB","Foster_2024.MM7-193","1match1clus","CMV"
"Foster_2024.MM7","TRA","Foster_2024.MM7-193","1match1clus","CMV"
"Foster_2024.MM7","TRB","Foster_2024.MM7-1116","1match1clus","CMV"
"Foster_2024.MM7","TRB","Foster_2024.SMM5-1120","1match1clus","CMV"
"Foster_2024.MM7","TRA","Foster_2024.MM7-1116","1match1clus","CMV"
"Foster_2024.MM7","TRA","BGCV01_CV0904-3410","1match1clus","CMV"
"Foster_2024.MM7","TRB","Foster_2024.MM7-652","1match1clus","CMV"
"Foster_2024.MM7","TRA","Foster_2024.MM7-652","1match1clus","CMV"
"Foster_2024.MM7","TRB","Foster_2024.MM7-4262","1match1clus","CMV"
"Foster_2024.MM7","TRA","Foster_2024.MM7-4262","1match1clus","CMV"
"Foster_2024.MM7","TRB","Foster_2024.MM7-50","1match1clus","CMV"
"Foster_2024.MM7","TRA","Foster_2024.MM7-50","1match1clus","CMV"
"Foster_2024.MM7","TRB","Foster_2024.MM7-2575","1match1clus","CMV"
"Foster_2024.MM7","TRA","Foster_2024.MM7-2575","1match1clus","CMV"
"Foster_2024.MM7","TRA","Foster_2024.SMM1-3070","1match1clus","CMV"
"Foster_2024.MM7","TRA","Foster_2024.SMM6-98","1match1clus","CMV"
"Foster_2024.MM7","TRB",NA,"1match1clus","EBV"
"Foster_2024.MM7","TRA",NA,"1match1clus","EBV"
"Foster_2024.MM7","TRB","Foster_2024.MM7-2601","1match1clus","CMV"
"Foster_2024.MM7","TRA","Foster_2024.MM7-2601","1match1clus","CMV"
"Foster_2024.MM7","TRB","Foster_2024.MM7-4305","1match1clus","CMV"
"Foster_2024.MM7","TRA","Foster_2024.MM7-4305","1match1clus","CMV"
"Foster_2024.MM7","TRB","Foster_2024.MM7-102","2match","EBV"
"Foster_2024.MM7","TRA","Foster_2024.MM7-102","2match","EBV"
"Foster_2024.MM7","TRB","Foster_2024.MM7-5691","1match1clus","CMV"
"Foster_2024.MM7","TRA","Foster_2024.MM7-5691","1match1clus","CMV"
"Foster_2024.MM7","TRB","Foster_2024.MM7-3680","1match1clus","CMV"
"Foster_2024.MM7","TRA","Foster_2024.MM7-3680","1match1clus","CMV"
"Foster_2024.MM7","TRA","Foster_2024.MM7-217","1match1clus","CMV"
"Foster_2024.MM7","TRB","Foster_2024.MM7-217","1match1clus","CMV"
"Foster_2024.MM7","TRA","Foster_2024.MM7-2936","1match1clus","EBV"
"Foster_2024.MM7","TRB","Foster_2024.MM7-2936","1match1clus","EBV"
"Foster_2024.MM7","TRB","Foster_2024.MM7-597","1match1clus","CMV"
"Foster_2024.MM7","TRA","Foster_2024.MM7-597","1match1clus","CMV"
"Foster_2024.MM7","TRA","Foster_2024.MM7-392","1match1clus","CMV"
"Foster_2024.MM7","TRB","Foster_2024.MM7-392","1match1clus","CMV"
"Foster_2024.MM7","TRB","Foster_2024.MM7-4976","1match1clus","CMV"
"Foster_2024.MM7","TRA","Foster_2024.MM7-4976","1match1clus","CMV"
"Foster_2024.MM7","TRB","Foster_2024.MM7-2920","1match1clus","CMV"
"Foster_2024.MM7","TRA","Foster_2024.MM7-2920","1match1clus","CMV"
"Foster_2024.MM7","TRB",NA,"1match1clus","CMV"
"Foster_2024.MM7","TRA",NA,"1match1clus","CMV"
"Foster_2024.MM7","TRB","Foster_2024.MM7-5285","1match1clus","CMV"
"Foster_2024.MM7","TRB","Foster_2024.MM7-5576","1match1clus","CMV"
"Foster_2024.MM7","TRA","Foster_2024.MM7-5576","1match1clus","CMV"
"Foster_2024.MM7","TRA","Foster_2024.MM7-3860","1match1clus","CMV"
"Foster_2024.MM7","TRB","Foster_2024.MM7-3860","1match1clus","CMV"
"Foster_2024.MM7","TRA","Foster_2024.MM7-4017","1match1clus","CMV"
"Foster_2024.MM7","TRB","Foster_2024.MM7-4017","1match1clus","CMV"
"Foster_2024.MM7","TRB","Foster_2024.MM7-2772","1match1clus","CMV"
"Foster_2024.MM7","TRA","Foster_2024.MM5-2186","1match1clus","CMV"
"Foster_2024.MM7","TRA","Foster_2024.MM7-2772","1match1clus","CMV"
"Foster_2024.MM7","TRA","MH8919177-44","1match1clus","CMV"
"Foster_2024.MM7","TRB","Foster_2024.MM7-3777","1match1clus","CMV"
"Foster_2024.MM7","TRA","Foster_2024.MM7-3777","1match1clus","CMV"
"Foster_2024.MM7","TRB","Foster_2024.MM7-1949","1match1clus","CMV"
"Foster_2024.MM7","TRA","Foster_2024.HD3-1338","1match1clus","CMV"
"Foster_2024.MM7","TRA","Foster_2024.HD3-2842","1match1clus","CMV"
"Foster_2024.MM7","TRA","Foster_2024.MM7-1949","1match1clus","CMV"
"Foster_2024.MM7","TRB","Foster_2024.MM7-5016","1match1clus","CMV"
"Foster_2024.MM7","TRA","Foster_2024.MM7-5016","1match1clus","CMV"
"Foster_2024.MM7","TRA","MH8919332-1820","1match1clus","CMV"
"Foster_2024.MM7","TRB","Foster_2024.MM7-3776","1match1clus","CMV"
"Foster_2024.MM7","TRB","Foster_2024.MM7-4049","1match1clus","CMV"
"Foster_2024.MM7","TRA","Foster_2024.MM7-4049","1match1clus","CMV"
"Foster_2024.MM7","TRA","Foster_2024.SMM11-5239","1match1clus","CMV"
"Foster_2024.MM7","TRB","Foster_2024.MM7-4957","1match1clus","CMV"
"Foster_2024.MM7","TRA","Foster_2024.MM7-4957","1match1clus","CMV"
"Foster_2024.MM7","TRA","MH8919333-1857","1match1clus","CMV"
"Foster_2024.MM7","TRB","Foster_2024.MM7-3098","1match1clus","CMV"
"Foster_2024.MM7","TRA","Foster_2024.MM7-3098","1match1clus","CMV"
"Foster_2024.MM7","TRB","Foster_2024.MM7-3948","1match1clus","CMV"
"Foster_2024.MM7","TRA","Foster_2024.MM7-3948","1match1clus","CMV"
"Foster_2024.MM7","TRA","Foster_2024.MM7-3768","1match1clus","CMV"
"Foster_2024.MM7","TRA","MH8919283-2277","1match1clus","CMV"
"Foster_2024.MM7","TRB","Foster_2024.MM7-3768","1match1clus","CMV"
"Foster_2024.MM7","TRA","Foster_2024.MM7-1826","1match1clus","CMV"
"Foster_2024.MM7","TRB","Foster_2024.MM7-1826","1match1clus","CMV"
"Foster_2024.SMM5","TRB","Foster_2024.MM4-47","2match","CMV"
"Foster_2024.SMM5","TRB","Foster_2024.SMM1-1266","2match","CMV"
"Foster_2024.SMM5","TRB","Foster_2024.SMM1-25","2match","CMV"
"Foster_2024.SMM5","TRB","Foster_2024.SMM10-427","2match","CMV"
"Foster_2024.SMM5","TRB","Foster_2024.SMM13-158","2match","CMV"
"Foster_2024.SMM5","TRB","Foster_2024.SMM5-163","2match","CMV"
"Foster_2024.SMM5","TRB","MH8919179-28","2match","CMV"
"Foster_2024.SMM5","TRA","Foster_2024.HD1-273","2match","CMV"
"Foster_2024.SMM5","TRA","Foster_2024.MM4-190","2match","CMV"
"Foster_2024.SMM5","TRA","Foster_2024.MM4-29","2match","CMV"
"Foster_2024.SMM5","TRA","Foster_2024.MM4-3675","2match","CMV"
"Foster_2024.SMM5","TRA","Foster_2024.MM4-3676","2match","CMV"
"Foster_2024.SMM5","TRA","Foster_2024.MM4-47","2match","CMV"
"Foster_2024.SMM5","TRA","Foster_2024.SMM1-112","2match","CMV"
"Foster_2024.SMM5","TRA","Foster_2024.SMM1-25","2match","CMV"
"Foster_2024.SMM5","TRA","Foster_2024.SMM1-46","2match","CMV"
"Foster_2024.SMM5","TRA","Foster_2024.SMM1-503","2match","CMV"
"Foster_2024.SMM5","TRA","Foster_2024.SMM10-426","2match","CMV"
"Foster_2024.SMM5","TRA","Foster_2024.SMM10-427","2match","CMV"
"Foster_2024.SMM5","TRA","Foster_2024.SMM13-158","2match","CMV"
"Foster_2024.SMM5","TRA","Foster_2024.SMM5-163","2match","CMV"
"Foster_2024.SMM5","TRA","MH8919179-142","2match","CMV"
"Foster_2024.SMM5","TRA","MH8919179-28","2match","CMV"
"Foster_2024.SMM5","TRA","Foster_2024.SMM13-7024","1match1clus","CMV"
"Foster_2024.SMM5","TRA","Foster_2024.SMM5-6319","1match1clus","CMV"
"Foster_2024.SMM5","TRA","MM-P20190322_C001043:3","1match1clus","CMV"
"Foster_2024.SMM5","TRA","MM-P20190322_C001044:4","1match1clus","CMV"
"Foster_2024.SMM5","TRB","Foster_2024.SMM13-7024","1match1clus","CMV"
"Foster_2024.SMM5","TRB","Foster_2024.SMM5-6319","1match1clus","CMV"
"Foster_2024.SMM5","TRB","MH8919283-1658","1match1clus","CMV"
"Foster_2024.SMM5","TRB","MH8919283-4","1match1clus","CMV"
"Foster_2024.SMM5","TRB","MM-P20190322_C001042:1","1match1clus","CMV"
"Foster_2024.SMM5","TRB","MM-P20190322_C001043:3","1match1clus","CMV"
"Foster_2024.SMM5","TRB","MM-P20190322_C001044:4","1match1clus","CMV"
"Foster_2024.SMM6","TRB","Foster_2024.SMM6-1201","1match1clus","CMV"
"Foster_2024.SMM6","TRA","Foster_2024.SMM6-1201","1match1clus","CMV"
"Foster_2024.SMM6","TRB","Foster_2024.SMM6-2718","1match1clus","CMV"
"Foster_2024.SMM6","TRA","Foster_2024.SMM6-2718","1match1clus","CMV"
"Foster_2024.SMM6","TRB","Foster_2024.SMM6-2186","1match1clus","CMV"
"Foster_2024.SMM6","TRA","Foster_2024.SMM6-2186","1match1clus","CMV"
"Foster_2024.SMM6","TRB","Foster_2024.SMM6-1255","1match1clus","CMV"
"Foster_2024.SMM6","TRA","Foster_2024.SMM6-1255","1match1clus","CMV"
"Foster_2024.SMM6","TRA","Foster_2024.SMM12-3124","1match1clus","CMV"
"Foster_2024.SMM6","TRA","Foster_2024.SMM6-1185","1match1clus","CMV"
"Foster_2024.SMM6","TRA","BGCV01_CV0904-3957","1match1clus","CMV"
"Foster_2024.SMM6","TRA","BGCV01_CV0904-3958","1match1clus","CMV"
"Foster_2024.SMM6","TRB","Foster_2024.SMM6-1185","1match1clus","CMV"
"Foster_2024.SMM6","TRA","Foster_2024.SMM11-237","1match1clus","CMV"
"Foster_2024.SMM6","TRA","Foster_2024.SMM6-2434","1match1clus","CMV"
"Foster_2024.SMM6","TRA","Foster_2024.SMM6-286","1match1clus","CMV"
"Foster_2024.SMM6","TRB","Foster_2024.SMM6-286","1match1clus","CMV"
"Foster_2024.SMM6","TRB","Foster_2024.SMM6-2264","2match","CMV"
"Foster_2024.SMM6","TRA","Foster_2024.SMM6-2264","2match","CMV"
"Foster_2024.SMM6","TRA",NA,"1match1clus","CMV"
"Foster_2024.SMM6","TRB",NA,"1match1clus","CMV"
"Foster_2024.SMM6","TRA","Foster_2024.SMM6-1695","1match1clus","CMV"
"Foster_2024.SMM6","TRA","MH8919178-1453","1match1clus","CMV"
"Foster_2024.SMM6","TRB","Foster_2024.SMM6-1695","1match1clus","CMV"
"Foster_2024.SMM6","TRA","Foster_2024.SMM6-1088","1match1clus","CMV"
"Foster_2024.SMM6","TRB","Foster_2024.MM6-1038","1match1clus","CMV"
"Foster_2024.SMM6","TRB","Foster_2024.SMM6-1088","1match1clus","CMV"
"Foster_2024.SMM6","TRB","Foster_2024.SMM6-973","1match1clus","CMV"
"Foster_2024.SMM6","TRB","Foster_2024.SMM6-974","1match1clus","CMV"
"Foster_2024.SMM6","TRB","Foster_2024.SMM6-975","1match1clus","CMV"
"Foster_2024.SMM6","TRB","Foster_2024.SMM6-441","1match1clus","CMV"
"Foster_2024.SMM6","TRA","Foster_2024.SMM6-441","1match1clus","CMV"
"Foster_2024.SMM6","TRA","Foster_2024.SMM11-207","2match","CMV"
"Foster_2024.SMM6","TRA","Foster_2024.SMM6-2635","2match","CMV"
"Foster_2024.SMM6","TRB","Foster_2024.SMM6-2635","2match","CMV"
"Foster_2024.SMM6","TRA","Foster_2024.SMM6-1497","1match1clus","CMV"
"Foster_2024.SMM6","TRA","MM-P20190122_C000071:1","1match1clus","CMV"
"Foster_2024.SMM6","TRA","MM-P20190122_C000072:1","1match1clus","CMV"
"Foster_2024.SMM6","TRB","Foster_2024.SMM6-1497","1match1clus","CMV"
"Foster_2024.SMM6","TRB","Foster_2024.SMM6-3436","1match1clus","CMV"
"Foster_2024.SMM6","TRA","Foster_2024.SMM5-6076","1match1clus","CMV"
"Foster_2024.SMM6","TRA","Foster_2024.SMM6-3436","1match1clus","CMV"
"Foster_2024.SMM6","TRA","MM-P20181219_C001239:1","1match1clus","CMV"
"Foster_2024.SMM6","TRB","Foster_2024.SMM6-2470","1match1clus","CMV"
"Foster_2024.SMM6","TRA","Foster_2024.SMM6-2470","1match1clus","CMV"
"Foster_2024.SMM6","TRA","MH8919176-748","1match1clus","CMV"
"Foster_2024.SMM6","TRA","Foster_2024.SMM6-3274","1match1clus","CMV"
"Foster_2024.SMM6","TRB","Foster_2024.SMM6-3274","1match1clus","CMV"
"Foster_2024.SMM6","TRA","Foster_2024.SMM6-2910","1match1clus","CMV"
"Foster_2024.SMM6","TRB","Foster_2024.SMM6-2910","1match1clus","CMV"
"Foster_2024.SMM6","TRA","Foster_2024.SMM6-485","1match1clus","CMV"
"Foster_2024.SMM6","TRB","Foster_2024.SMM6-485","1match1clus","CMV"
"Foster_2024.SMM6","TRB","Foster_2024.SMM6-2370","1match1clus","InfluenzaA"
"Foster_2024.SMM6","TRA","Foster_2024.SMM6-2370","1match1clus","InfluenzaA"
"Foster_2024.SMM6","TRB","Foster_2024.SMM6-144","1match1clus","CMV"
"Foster_2024.SMM6","TRA","Foster_2024.SMM6-144","1match1clus","CMV"
"Foster_2024.SMM6","TRB","Foster_2024.SMM6-461","1match1clus","CMV"
"Foster_2024.SMM6","TRA","Foster_2024.SMM6-461","1match1clus","CMV"
"Foster_2024.SMM6","TRA","Foster_2024.SMM6-1682","1match1clus","EBV"
"Foster_2024.SMM6","TRB","Foster_2024.SMM6-1682","1match1clus","EBV"
"Foster_2024.SMM6","TRB","Foster_2024.SMM6-2366","1match1clus","CMV"
"Foster_2024.SMM6","TRA","Foster_2024.SMM6-2366","1match1clus","CMV"
"Foster_2024.SMM6","TRB","Foster_2024.SMM6-1087","1match1clus","CMV"
"Foster_2024.SMM6","TRB","Foster_2024.SMM6-1089","1match1clus","CMV"
"Foster_2024.SMM6","TRB","Foster_2024.SMM6-976","1match1clus","CMV"
"Foster_2024.SMM6","TRB","Foster_2024.SMM6-977","1match1clus","CMV"
"Foster_2024.SMM6","TRB","Foster_2024.SMM6-978","1match1clus","CMV"
"Foster_2024.SMM6","TRA","Foster_2024.SMM6-1087","1match1clus","CMV"
"Foster_2024.SMM6","TRB","Foster_2024.SMM6-1059","1match1clus","CMV"
"Foster_2024.SMM6","TRA","Foster_2024.SMM6-1059","1match1clus","CMV"
"Foster_2024.SMM6","TRB","Foster_2024.SMM6-1930","1match1clus","CMV"
"Foster_2024.SMM6","TRB","BGCV12_CV0926-760","1match1clus","CMV"
"Foster_2024.SMM6","TRB","BGCV12_CV0926-866","1match1clus","CMV"
"Foster_2024.SMM6","TRA","Foster_2024.SMM6-1930","1match1clus","CMV"
"Foster_2024.SMM6","TRA","Foster_2024.MM5-3157","1match1clus","CMV"
"Foster_2024.SMM6","TRA","Foster_2024.SMM11-813","1match1clus","CMV"
"Foster_2024.SMM6","TRA","Foster_2024.SMM6-1505","1match1clus","CMV"
"Foster_2024.SMM6","TRB","Foster_2024.SMM6-1505","1match1clus","CMV"
"Foster_2024.SMM6","TRB","Foster_2024.SMM8-2418","1match1clus","CMV"
"Foster_2024.SMM6","TRB","Foster_2024.SMM6-1167","1match1clus","CMV"
"Foster_2024.SMM6","TRA","Foster_2024.SMM11-3468","1match1clus","CMV"
"Foster_2024.SMM6","TRA","Foster_2024.SMM11-6966","1match1clus","CMV"
"Foster_2024.SMM6","TRA","Foster_2024.SMM6-1167","1match1clus","CMV"
"Foster_2024.SMM6","TRA","Foster_2024.SMM6-1089","1match1clus","CMV"
"Foster_2024.SMM6","TRA","Foster_2024.SMM6-2449","1match1clus","CMV"
"Foster_2024.SMM6","TRB","Foster_2024.SMM6-2449","1match1clus","CMV"
"Foster_2024.SMM6","TRA","Foster_2024.SMM6-3754","1match1clus","CMV"
"Foster_2024.SMM6","TRB","Foster_2024.SMM6-3754","1match1clus","CMV"
"Foster_2024.SMM8","TRB","Foster_2024.SMM8-7125","1match1clus","EBV"
"Foster_2024.SMM8","TRA","Foster_2024.SMM8-7125","1match1clus","EBV"
"Foster_2024.SMM8","TRB","Foster_2024.SMM8-2286","1match1clus","EBV"
"Foster_2024.SMM8","TRA","Foster_2024.SMM13-3356","1match1clus","EBV"
"Foster_2024.SMM8","TRA","Foster_2024.SMM8-2286","1match1clus","EBV"
"Foster_2024.SMM8","TRB","Foster_2024.SMM8-3120","1match1clus","EBV"
"Foster_2024.SMM8","TRA","Foster_2024.SMM8-3120","1match1clus","EBV"
"Foster_2024.SMM8","TRA","Foster_2024.SMM13-2762","1match1clus","EBV"
"Foster_2024.SMM8","TRA","Foster_2024.SMM4-1712","1match1clus","EBV"
"Foster_2024.SMM8","TRA","Foster_2024.SMM6-3748","1match1clus","EBV"
"Foster_2024.SMM8","TRB","Foster_2024.SMM8-1025","1match1clus","EBV"
"Foster_2024.SMM8","TRA","Foster_2024.SMM8-1025","1match1clus","EBV"
"Foster_2024.SMM8","TRB","Foster_2024.SMM8-880","1match1clus","EBV"
"Foster_2024.SMM8","TRA","Foster_2024.HD3-2824","1match1clus","EBV"
"Foster_2024.SMM8","TRA","Foster_2024.MM4-1982","1match1clus","EBV"
"Foster_2024.SMM8","TRA","Foster_2024.MM7-3858","1match1clus","EBV"
"Foster_2024.SMM8","TRA","Foster_2024.MM7-4276","1match1clus","EBV"
"Foster_2024.SMM8","TRA","Foster_2024.SMM8-1454","1match1clus","EBV"
"Foster_2024.SMM8","TRA","Foster_2024.SMM8-2613","1match1clus","EBV"
"Foster_2024.SMM8","TRA","Foster_2024.SMM8-880","1match1clus","EBV"
"Foster_2024.SMM8","TRA","BGCV01_CV0904-365","1match1clus","EBV"
"Foster_2024.SMM8","TRA","MH8919332-299","1match1clus","EBV"
"Foster_2024.MGUS1","TRB","Foster_2024.MGUS1-2656","1match1clus","CMV"
"Foster_2024.MGUS1","TRA","Foster_2024.MGUS1-2656","1match1clus","CMV"
"Foster_2024.MGUS1","TRB","Foster_2024.MGUS1-437","1match1clus","CMV"
"Foster_2024.MGUS1","TRA","Foster_2024.MGUS1-437","1match1clus","CMV"
"Foster_2024.MGUS1","TRA","Foster_2024.SMM11-4900","1match1clus","CMV"
"Foster_2024.MGUS1","TRA","MH8919179-875","1match1clus","CMV"
"Foster_2024.MGUS1","TRB","Foster_2024.MGUS1-402","1match1clus","CMV"
"Foster_2024.MGUS1","TRA","Foster_2024.MGUS1-402","1match1clus","CMV"
"Foster_2024.MGUS1","TRA",NA,"1match1clus","CMV"
"Foster_2024.MGUS1","TRB",NA,"1match1clus","CMV"
"Foster_2024.MGUS1","TRA","Foster_2024.MGUS1-107","1match1clus","CMV"
"Foster_2024.MGUS1","TRB","Foster_2024.MGUS1-107","1match1clus","CMV"
"Foster_2024.MGUS1","TRA","Foster_2024.MGUS1-176","1match1clus","CMV"
"Foster_2024.MGUS1","TRB","Foster_2024.MGUS1-176","1match1clus","CMV"
"Foster_2024.MGUS1","TRB","Foster_2024.MGUS1-141","1match1clus","CMV"
"Foster_2024.MGUS1","TRB","Foster_2024.MGUS1-714","1match1clus","CMV"
"Foster_2024.MGUS1","TRA","Foster_2024.MGUS1-2631","1match1clus","CMV"
"Foster_2024.MGUS1","TRA","Foster_2024.MGUS1-714","1match1clus","CMV"
"Foster_2024.MGUS1","TRB","Foster_2024.MGUS1-3349","1match1clus","CMV"
"Foster_2024.MGUS1","TRA","Foster_2024.MGUS1-3349","1match1clus","CMV"
"Foster_2024.MGUS1","TRA","BGCV02_CV0902-255","1match1clus","CMV"
"Foster_2024.MGUS1","TRB","Foster_2024.MGUS1-5448","1match1clus","CMV"
"Foster_2024.MGUS1","TRA","Foster_2024.MGUS1-5448","1match1clus","CMV"
"Foster_2024.MGUS1","TRB","Foster_2024.MGUS1-2433","1match1clus","CMV"
"Foster_2024.MGUS1","TRB","Maura_2023.PT18-clonotype374","1match1clus","CMV"
"Foster_2024.MGUS1","TRA","Foster_2024.MGUS1-2433","1match1clus","CMV"
"Foster_2024.MGUS1","TRA","Foster_2024.MGUS1-3884","1match1clus","CMV"
"Foster_2024.MGUS1","TRA","Foster_2024.MGUS1-449","1match1clus","CMV"
"Foster_2024.MGUS1","TRA","Foster_2024.MM3-307","1match1clus","CMV"
"Foster_2024.MGUS1","TRA","Maura_2023.PT85-clonotype50","1match1clus","CMV"
"Foster_2024.MGUS1","TRA","MH8919283-2011","1match1clus","CMV"
"Foster_2024.MGUS1","TRB","Foster_2024.MGUS1-3884","1match1clus","CMV"
"Foster_2024.MGUS1","TRB","Foster_2024.MGUS1-449","1match1clus","CMV"
"Foster_2024.MGUS1","TRB","Foster_2024.MGUS1-295","1match1clus","CMV"
"Foster_2024.MGUS1","TRA","Foster_2024.MGUS1-295","1match1clus","CMV"
"Foster_2024.MGUS1","TRA","Foster_2024.MGUS1-3474","1match1clus","CMV"
"Foster_2024.MGUS1","TRB","Foster_2024.MGUS1-3474","1match1clus","CMV"
"Foster_2024.MGUS1","TRA","Foster_2024.MGUS1-1633","1match1clus","CMV"
"Foster_2024.MGUS1","TRB","Foster_2024.MGUS1-1633","1match1clus","CMV"
"Foster_2024.MGUS1","TRB","Foster_2024.MGUS1-2870","1match1clus","CMV"
"Foster_2024.MGUS1","TRA","Foster_2024.MGUS1-2870","1match1clus","CMV"
"Foster_2024.MGUS1","TRA","Foster_2024.SMM11-229","1match1clus","CMV"
"Foster_2024.MGUS1","TRA","Foster_2024.SMM11-5190","1match1clus","CMV"
"Foster_2024.MGUS1","TRB","Foster_2024.MGUS1-3391","1match1clus","CMV"
"Foster_2024.MGUS1","TRA","Foster_2024.MGUS1-3391","1match1clus","CMV"
"Foster_2024.MGUS1","TRA","Foster_2024.MGUS1-875","1match1clus","CMV"
"Foster_2024.MGUS1","TRB","Foster_2024.MGUS1-875","1match1clus","CMV"
"Foster_2024.MGUS1","TRA","Foster_2024.HD2-1049","1match1clus","CMV"
"Foster_2024.MGUS1","TRA","Foster_2024.MGUS1-5","1match1clus","CMV"
"Foster_2024.MGUS1","TRA","Foster_2024.MGUS1-5208","1match1clus","CMV"
"Foster_2024.MGUS1","TRA","Foster_2024.SMM8-1990","1match1clus","CMV"
"Foster_2024.MGUS1","TRB","Foster_2024.MGUS1-1894","1match1clus","CMV"
"Foster_2024.MGUS1","TRA","Foster_2024.MGUS1-1894","1match1clus","CMV"
"Foster_2024.MGUS1","TRA","Foster_2024.MGUS1-4891","1match1clus","CMV"
"Foster_2024.MGUS1","TRB","Foster_2024.MGUS1-4891","1match1clus","CMV"
"Foster_2024.MGUS1","TRB","Foster_2024.MGUS1-3743","1match1clus","CMV"
"Foster_2024.MGUS1","TRA","Foster_2024.MGUS1-3743","1match1clus","CMV"
"Foster_2024.MGUS1","TRA","Foster_2024.MGUS1-155","1match1clus","CMV"
"Foster_2024.MGUS1","TRB","Foster_2024.MGUS1-155","1match1clus","CMV"
"Foster_2024.MGUS1","TRA","Foster_2024.SMM13-2120","1match1clus","CMV"
"Foster_2024.MGUS1","TRA","Foster_2024.SMM13-6599","1match1clus","CMV"
"Foster_2024.MGUS1","TRA","Foster_2024.MGUS1-2897","1match1clus","CMV"
"Foster_2024.MGUS1","TRA","Foster_2024.SMM12-3200","1match1clus","CMV"
"Foster_2024.MGUS1","TRA","Foster_2024.SMM12-5279","1match1clus","CMV"
"Foster_2024.MGUS1","TRA","BGCV02_CV0902-352","1match1clus","CMV"
"Foster_2024.MGUS1","TRB","Foster_2024.MGUS1-2897","1match1clus","CMV"
"Foster_2024.MGUS1","TRA","Foster_2024.MGUS1-168","1match1clus","SARS-CoV-2"
"Foster_2024.MGUS1","TRA","Foster_2024.SMM8-3339","1match1clus","SARS-CoV-2"
"Foster_2024.MGUS1","TRB","Foster_2024.MGUS1-168","1match1clus","SARS-CoV-2"
"Foster_2024.MGUS1","TRB","Foster_2024.MGUS1-1166","1match1clus","CMV"
"Foster_2024.MGUS1","TRA","Foster_2024.MGUS1-1166","1match1clus","CMV"
"Foster_2024.MGUS1","TRA","Foster_2024.MGUS1-2926","1match1clus","CMV"
"Foster_2024.MGUS1","TRB","Foster_2024.MGUS1-2926","1match1clus","CMV"
"Foster_2024.MGUS1","TRA","Foster_2024.MGUS1-4549","1match1clus","CMV"
"Foster_2024.MGUS1","TRB","Foster_2024.MGUS1-4549","1match1clus","CMV"
"Foster_2024.MGUS1","TRB","Foster_2024.MGUS1-2553","1match1clus","CMV"
"Foster_2024.MGUS1","TRA","Foster_2024.HD2-972","1match1clus","CMV"
"Foster_2024.MGUS1","TRA","Foster_2024.MGUS1-2553","1match1clus","CMV"
"Foster_2024.MGUS1","TRA","Foster_2024.SMM12-1226","1match1clus","CMV"
"Foster_2024.MGUS1","TRA","Foster_2024.SMM8-1907","1match1clus","CMV"
"Foster_2024.MGUS1","TRA","Foster_2024.SMM8-6171","1match1clus","CMV"
"Foster_2024.MGUS1","TRA","MH8919177-389","1match1clus","CMV"
"Foster_2024.MGUS1","TRA","Foster_2024.MGUS1-1409","1match1clus","CMV"
"Foster_2024.MGUS1","TRB","Foster_2024.MGUS1-1409","1match1clus","CMV"
"Foster_2024.MGUS1","TRA","Foster_2024.MGUS1-2609","1match1clus","InfluenzaA"
"Foster_2024.MGUS1","TRB","Foster_2024.MGUS1-2609","1match1clus","InfluenzaA"
"Foster_2024.MGUS1","TRA","Foster_2024.MGUS1-273","1match1clus","CMV"
"Foster_2024.MGUS1","TRB","Foster_2024.MGUS1-273","1match1clus","CMV"
"Foster_2024.MGUS1","TRB","Foster_2024.MGUS1-5208","1match1clus","CMV"
"Foster_2024.MGUS1","TRB","Foster_2024.MGUS1-2399","1match1clus","CMV"
"Foster_2024.MGUS1","TRA","Foster_2024.MGUS1-2399","1match1clus","CMV"
"Foster_2024.MGUS1","TRB","Foster_2024.MGUS1-4736","2match","EBV"
"Foster_2024.MGUS1","TRA","Foster_2024.MGUS1-4736","2match","EBV"
"Foster_2024.MGUS1","TRA","Foster_2024.MGUS1-4451","1match1clus","CMV"
"Foster_2024.MGUS1","TRB","Foster_2024.MGUS1-4451","1match1clus","CMV"
"Foster_2024.MGUS1","TRA","Foster_2024.MGUS1-3396","1match1clus","CMV"
"Foster_2024.MGUS1","TRA","Foster_2024.MM4-3114","1match1clus","CMV"
"Foster_2024.MGUS1","TRA","Foster_2024.SMM5-6418","1match1clus","CMV"
"Foster_2024.MGUS1","TRA","Foster_2024.SMM6-607","1match1clus","CMV"
"Foster_2024.MGUS1","TRA","Foster_2024.SMM8-6756","1match1clus","CMV"
"Foster_2024.MGUS1","TRA","BGCV10_CV0939-298","1match1clus","CMV"
"Foster_2024.MGUS1","TRA","MH8919333-1097","1match1clus","CMV"
"Foster_2024.MGUS1","TRB","Foster_2024.MGUS1-3396","1match1clus","CMV"
"Foster_2024.MGUS1","TRB","Foster_2024.SMM6-2604","1match1clus","CMV"
"Foster_2024.MGUS1","TRA","Foster_2024.MGUS1-2663","1match1clus","CMV"
"Foster_2024.MGUS1","TRB","Foster_2024.MGUS1-2663","1match1clus","CMV"
"Foster_2024.MGUS1","TRB","Foster_2024.MGUS1-317","2match","CMV"
"Foster_2024.MGUS1","TRA","Foster_2024.MGUS1-317","2match","CMV"
"Foster_2024.MGUS1","TRA","MM-P20181219_C000574:1","1match1clus","CMV"
"Foster_2024.MGUS1","TRA","Foster_2024.MGUS1-3556","1match1clus","CMV"
"Foster_2024.MGUS1","TRB","Foster_2024.MGUS1-3556","1match1clus","CMV"
"Foster_2024.MGUS1","TRA","Foster_2024.MM1-65","1match1clus","CMV"
"Foster_2024.MGUS1","TRA","Foster_2024.SMM12-1738","1match1clus","CMV"
"Foster_2024.MGUS1","TRA","Foster_2024.SMM13-630","1match1clus","CMV"
"Foster_2024.MGUS1","TRA","Foster_2024.SMM5-1534","1match1clus","CMV"
"Foster_2024.MGUS1","TRA","BGCV02_CV0902-931","1match1clus","CMV"
"Foster_2024.MGUS1","TRA","BGCV01_CV0904-3827","1match1clus","CMV"
"Foster_2024.MGUS1","TRA","BGCV01_CV0904-3828","1match1clus","CMV"
"Foster_2024.MGUS1","TRB","Foster_2024.MGUS1-3454","1match1clus","CMV"
"Foster_2024.MGUS1","TRA","Foster_2024.MGUS1-3454","1match1clus","CMV"
"Foster_2024.MGUS1","TRA","Maura_2023.PT49-clonotype3327","1match1clus","CMV"
"Foster_2024.MGUS1","TRA","Foster_2024.SMM4-4744","1match1clus","CMV"
"Foster_2024.MGUS1","TRB","Foster_2024.MGUS1-2472","2match","CMV"
"Foster_2024.MGUS1","TRA","Foster_2024.HD2-2530","2match","CMV"
"Foster_2024.MGUS1","TRA","Foster_2024.MGUS1-2472","2match","CMV"
"Foster_2024.MGUS1","TRA","MM-P20181219_C000730:1","2match","CMV"
"Foster_2024.MGUS1","TRB","Foster_2024.MGUS1-2472","1match1clus","CMV"
"Foster_2024.MGUS1","TRA","Foster_2024.HD2-2530","1match1clus","CMV"
"Foster_2024.MGUS1","TRA","Foster_2024.MGUS1-2472","1match1clus","CMV"
"Foster_2024.MGUS1","TRA","MM-P20181219_C000730:1","1match1clus","CMV"
"Foster_2024.MGUS1","TRB","Foster_2024.MGUS1-327","1match1clus","CMV"
"Foster_2024.MGUS1","TRA","Foster_2024.MGUS1-327","1match1clus","CMV"
"Foster_2024.MGUS1","TRA","Foster_2024.MM6-368","1match1clus","CMV"
"Foster_2024.MGUS1","TRA","MH8919333-380","1match1clus","CMV"
"Foster_2024.MGUS1","TRA","Foster_2024.MGUS1-11","1match1clus","CMV"
"Foster_2024.MGUS1","TRA","Foster_2024.MGUS1-2391","1match1clus","CMV"
"Foster_2024.MGUS1","TRA","Foster_2024.MGUS1-31","1match1clus","CMV"
"Foster_2024.MGUS1","TRA","Foster_2024.SMM13-2007","1match1clus","CMV"
"Foster_2024.MGUS1","TRB","Foster_2024.MGUS1-961","1match1clus","CMV"
"Foster_2024.MGUS1","TRB","Foster_2024.MGUS1-424","1match1clus","CMV"
"Foster_2024.MGUS1","TRA","Foster_2024.MGUS1-961","1match1clus","CMV"
"Foster_2024.MGUS1","TRA","Foster_2024.MGUS1-3578","1match1clus","CMV"
"Foster_2024.MGUS1","TRA","Foster_2024.SMM5-2682","1match1clus","CMV"
"Foster_2024.MGUS1","TRB","Foster_2024.MGUS1-3578","1match1clus","CMV"
"Foster_2024.MGUS1","TRB","Foster_2024.MGUS1-868","1match1clus","CMV"
"Foster_2024.MGUS1","TRA","Foster_2024.MGUS1-868","1match1clus","CMV"
"Foster_2024.MGUS1","TRA","Foster_2024.HD1-290","1match1clus","CMV"
"Foster_2024.MGUS1","TRA","Foster_2024.HD2-2662","1match1clus","CMV"
"Foster_2024.MGUS1","TRA","Foster_2024.MGUS1-2544","1match1clus","CMV"
"Foster_2024.MGUS1","TRB","Foster_2024.MGUS1-2544","1match1clus","CMV"
"Foster_2024.MGUS1","TRA","Foster_2024.MGUS1-1352","1match1clus","CMV"
"Foster_2024.MGUS1","TRA","BGCV01_CV0904-2467","1match1clus","CMV"
"Foster_2024.MGUS1","TRB","Foster_2024.MGUS1-1352","1match1clus","CMV"
"Foster_2024.MGUS1","TRB","Foster_2024.MGUS1-2391","1match1clus","CMV"
"Foster_2024.MGUS1","TRA","BGCV05_CV0929-479","1match1clus","CMV"
"Foster_2024.MGUS1","TRA","Foster_2024.MGUS1-3667","1match1clus","CMV"
"Foster_2024.MGUS1","TRB","Foster_2024.MGUS1-3667","1match1clus","CMV"
"Foster_2024.MGUS1","TRB","Foster_2024.MGUS1-3278","1match1clus","CMV"
"Foster_2024.MGUS1","TRB","Foster_2024.MGUS1-3786","1match1clus","CMV"
"Foster_2024.MGUS1","TRB","Foster_2024.MGUS1-66","1match1clus","CMV"
"Foster_2024.MGUS1","TRA","Foster_2024.MGUS1-3786","1match1clus","CMV"
"Foster_2024.MGUS1","TRA","Foster_2024.MGUS1-66","1match1clus","CMV"
"Foster_2024.MGUS1","TRA","Foster_2024.SMM4-1906","1match1clus","CMV"
"Foster_2024.MGUS1","TRB","Foster_2024.MGUS1-2002","1match1clus","CMV"
"Foster_2024.MGUS1","TRA","Foster_2024.MGUS1-2002","1match1clus","CMV"
"Foster_2024.MGUS1","TRA","BGCV09_CV0917-22","1match1clus","CMV"
"Foster_2024.MGUS1","TRA","BGCV13_CV0934-614","1match1clus","CMV"
"Foster_2024.MGUS1","TRA","MH8919177-251","1match1clus","CMV"
"Foster_2024.MGUS1","TRA","Foster_2024.MGUS1-1596","1match1clus","CMV"
"Foster_2024.MGUS1","TRA","Foster_2024.SMM11-2905","1match1clus","CMV"
"Foster_2024.MGUS1","TRA","MH8919332-736","1match1clus","CMV"
"Foster_2024.MGUS1","TRB","Foster_2024.MGUS1-2680","1match1clus","CMV"
"Foster_2024.MGUS1","TRA","Foster_2024.MGUS1-2680","1match1clus","CMV"
"Foster_2024.MGUS1","TRA","Foster_2024.SMM11-6993","1match1clus","CMV"
"Foster_2024.MGUS1","TRB","Foster_2024.MGUS1-1610","1match1clus","CMV"
"Foster_2024.MGUS1","TRB","Foster_2024.MM4-82","1match1clus","CMV"
"Foster_2024.MGUS1","TRB","Foster_2024.SMM1-1262","1match1clus","CMV"
"Foster_2024.MGUS1","TRB","Foster_2024.SMM1-1263","1match1clus","CMV"
"Foster_2024.MGUS1","TRB","Foster_2024.SMM1-66","1match1clus","CMV"
"Foster_2024.MGUS1","TRA","Foster_2024.MGUS1-1610","1match1clus","CMV"
"Foster_2024.MGUS1","TRA","Foster_2024.MM4-1101","1match1clus","CMV"
"Foster_2024.MGUS1","TRA","Foster_2024.MM4-520","1match1clus","CMV"
"Foster_2024.MGUS1","TRA","MM-P20190322_C000350:11","1match1clus","CMV"
"Foster_2024.MGUS1","TRA","MM-P20190322_C000358:3","1match1clus","CMV"
"Foster_2024.MGUS1","TRA","MM-P20190322_C000789:1","1match1clus","CMV"
"Foster_2024.MGUS1","TRA","MM-P20190322_C000795:3","1match1clus","CMV"
"Foster_2024.MGUS1","TRA","MM-P20190322_C000806:1","1match1clus","CMV"
"Foster_2024.MGUS1","TRA","MM-P20190322_C001047:1","1match1clus","CMV"
"Foster_2024.MGUS1","TRA","MM-P20190322_C001065:31","1match1clus","CMV"
"Foster_2024.MGUS1","TRA","MM-P20190322_C001075:1","1match1clus","CMV"
"Foster_2024.MGUS1","TRA","MM-P20190322_C001080:1","1match1clus","CMV"
"Foster_2024.MGUS1","TRA","MM-P20190322_C001085:300","1match1clus","CMV"
"Foster_2024.MGUS1","TRA","MM-P20190322_C001099:24","1match1clus","CMV"
"Foster_2024.MGUS1","TRA","MM-P20190322_C001213:1","1match1clus","CMV"
"Foster_2024.MGUS1","TRA","MM-P20190322_C001496:8","1match1clus","CMV"
"Foster_2024.MGUS1","TRA","MM-P20190322_C001501:2","1match1clus","CMV"
"Foster_2024.MGUS1","TRA","MM-P20190322_C001525:1","1match1clus","CMV"
"Foster_2024.MGUS1","TRA","MM-P20190322_C001527:5","1match1clus","CMV"
"Foster_2024.MGUS1","TRA","MM-P20190322_C001528:1","1match1clus","CMV"
"Foster_2024.MGUS1","TRA","MM-P20190322_C001529:145","1match1clus","CMV"
"Foster_2024.MGUS1","TRA","MM-P20190322_C001530:2","1match1clus","CMV"
"Foster_2024.MGUS1","TRA","MM-P20190322_C001531:1","1match1clus","CMV"
"Foster_2024.MGUS1","TRA","MM-P20190322_C002261:316","1match1clus","CMV"
"Foster_2024.MGUS1","TRA","MM-P20190322_C002272:4","1match1clus","CMV"
"Foster_2024.MGUS1","TRA","MM-P20190322_C002515:105","1match1clus","CMV"
"Foster_2024.MGUS1","TRA","MM-P20190322_C002520:2","1match1clus","CMV"
"Foster_2024.MGUS1","TRA","MM-P20190322_C003562:1","1match1clus","CMV"
"Foster_2024.MGUS1","TRA","Foster_2024.MGUS1-2736","1match1clus","CMV"
"Foster_2024.MGUS1","TRB","Foster_2024.MGUS1-2736","1match1clus","CMV"
"Foster_2024.MGUS1","TRB",NA,"1match1clus","SARS-CoV-2"
"Foster_2024.MGUS1","TRA",NA,"1match1clus","SARS-CoV-2"
"Foster_2024.MGUS1","TRB","Foster_2024.MGUS1-1941","1match1clus","CMV"
"Foster_2024.MGUS1","TRA","Foster_2024.MGUS1-1941","1match1clus","CMV"
"Foster_2024.MGUS1","TRA","Foster_2024.SMM8-4073","1match1clus","CMV"
"Foster_2024.SMM9","TRB","Foster_2024.SMM8-7125","1match1clus","EBV"
"Foster_2024.SMM9","TRA","Foster_2024.SMM8-7125","1match1clus","EBV"
"Foster_2024.SMM9","TRB","Foster_2024.SMM8-2286","1match1clus","EBV"
"Foster_2024.SMM9","TRA","Foster_2024.SMM13-3356","1match1clus","EBV"
"Foster_2024.SMM9","TRA","Foster_2024.SMM8-2286","1match1clus","EBV"
"Foster_2024.SMM9","TRB","Foster_2024.SMM8-3120","1match1clus","EBV"
"Foster_2024.SMM9","TRA","Foster_2024.SMM8-3120","1match1clus","EBV"
"Foster_2024.SMM9","TRA","Foster_2024.SMM13-2762","1match1clus","EBV"
"Foster_2024.SMM9","TRA","Foster_2024.SMM4-1712","1match1clus","EBV"
"Foster_2024.SMM9","TRA","Foster_2024.SMM6-3748","1match1clus","EBV"
"Foster_2024.SMM9","TRB","Foster_2024.SMM8-1025","1match1clus","EBV"
"Foster_2024.SMM9","TRA","Foster_2024.SMM8-1025","1match1clus","EBV"
"Foster_2024.SMM9","TRB","Foster_2024.SMM8-880","1match1clus","EBV"
"Foster_2024.SMM9","TRA","Foster_2024.HD3-2824","1match1clus","EBV"
"Foster_2024.SMM9","TRA","Foster_2024.MM4-1982","1match1clus","EBV"
"Foster_2024.SMM9","TRA","Foster_2024.MM7-3858","1match1clus","EBV"
"Foster_2024.SMM9","TRA","Foster_2024.MM7-4276","1match1clus","EBV"
"Foster_2024.SMM9","TRA","Foster_2024.SMM8-1454","1match1clus","EBV"
"Foster_2024.SMM9","TRA","Foster_2024.SMM8-2613","1match1clus","EBV"
"Foster_2024.SMM9","TRA","Foster_2024.SMM8-880","1match1clus","EBV"
"Foster_2024.SMM9","TRA","BGCV01_CV0904-365","1match1clus","EBV"
"Foster_2024.SMM9","TRA","MH8919332-299","1match1clus","EBV"
"Foster_2024.SMM10","TRA","Foster_2024.HD1-460","2match","CMV"
"Foster_2024.SMM10","TRA","Foster_2024.SMM10-373","2match","CMV"
"Foster_2024.SMM10","TRB","Foster_2024.SMM10-373","2match","CMV"
"Foster_2024.SMM10","TRB","Foster_2024.SMM10-640","1match1clus","CMV"
"Foster_2024.SMM10","TRA","Foster_2024.SMM10-640","1match1clus","CMV"
"Foster_2024.SMM10","TRA","BGCV13_CV0934-168","1match1clus","CMV"
"Foster_2024.SMM10","TRA","Foster_2024.MM4-2347","1match1clus","CMV"
"Foster_2024.SMM10","TRA","Foster_2024.SMM10-552","1match1clus","CMV"
"Foster_2024.SMM10","TRB","Foster_2024.SMM10-552","1match1clus","CMV"
"Foster_2024.SMM10","TRA","Foster_2024.SMM10-693","1match1clus","CMV"
"Foster_2024.SMM10","TRB","Foster_2024.SMM10-693","1match1clus","CMV"
"Foster_2024.SMM10","TRA","Foster_2024.SMM12-4867","1match1clus","CMV"
"Foster_2024.SMM10","TRA","MH8919282-2156","1match1clus","CMV"
"Foster_2024.SMM10","TRA","Foster_2024.SMM10-850","1match1clus","CMV"
"Foster_2024.SMM10","TRB","Foster_2024.SMM10-850","1match1clus","CMV"
"Foster_2024.SMM10","TRB","Foster_2024.MM4-47","2match","CMV"
"Foster_2024.SMM10","TRB","Foster_2024.SMM1-1266","2match","CMV"
"Foster_2024.SMM10","TRB","Foster_2024.SMM1-25","2match","CMV"
"Foster_2024.SMM10","TRB","Foster_2024.SMM10-427","2match","CMV"
"Foster_2024.SMM10","TRB","Foster_2024.SMM13-158","2match","CMV"
"Foster_2024.SMM10","TRB","Foster_2024.SMM5-163","2match","CMV"
"Foster_2024.SMM10","TRB","MH8919179-28","2match","CMV"
"Foster_2024.SMM10","TRA","Foster_2024.HD1-273","2match","CMV"
"Foster_2024.SMM10","TRA","Foster_2024.MM4-190","2match","CMV"
"Foster_2024.SMM10","TRA","Foster_2024.MM4-29","2match","CMV"
"Foster_2024.SMM10","TRA","Foster_2024.MM4-3675","2match","CMV"
"Foster_2024.SMM10","TRA","Foster_2024.MM4-3676","2match","CMV"
"Foster_2024.SMM10","TRA","Foster_2024.MM4-47","2match","CMV"
"Foster_2024.SMM10","TRA","Foster_2024.SMM1-112","2match","CMV"
"Foster_2024.SMM10","TRA","Foster_2024.SMM1-25","2match","CMV"
"Foster_2024.SMM10","TRA","Foster_2024.SMM1-46","2match","CMV"
"Foster_2024.SMM10","TRA","Foster_2024.SMM1-503","2match","CMV"
"Foster_2024.SMM10","TRA","Foster_2024.SMM10-426","2match","CMV"
"Foster_2024.SMM10","TRA","Foster_2024.SMM10-427","2match","CMV"
"Foster_2024.SMM10","TRA","Foster_2024.SMM13-158","2match","CMV"
"Foster_2024.SMM10","TRA","Foster_2024.SMM5-163","2match","CMV"
"Foster_2024.SMM10","TRA","MH8919179-142","2match","CMV"
"Foster_2024.SMM10","TRA","MH8919179-28","2match","CMV"
"Foster_2024.SMM10","TRB","Foster_2024.SMM10-923","1match1clus","CMV"
"Foster_2024.SMM10","TRA","Foster_2024.SMM10-923","1match1clus","CMV"
"Foster_2024.SMM10","TRA","Foster_2024.SMM5-5180","1match1clus","CMV"
"Foster_2024.SMM10","TRB","Foster_2024.SMM10-549","1match1clus","CMV"
"Foster_2024.SMM10","TRA","Foster_2024.SMM10-549","1match1clus","CMV"
"Foster_2024.SMM10","TRA","Foster_2024.SMM10-753","1match1clus","CMV"
"Foster_2024.SMM10","TRB","Foster_2024.SMM10-753","1match1clus","CMV"
"Foster_2024.SMM10","TRA","Foster_2024.SMM10-963","1match1clus","CMV"
"Foster_2024.SMM10","TRB","Foster_2024.SMM10-963","1match1clus","CMV"
"Foster_2024.SMM10","TRB","Foster_2024.SMM1-503","2match","CMV"
"Foster_2024.SMM10","TRB","Foster_2024.SMM10-426","2match","CMV"
"Foster_2024.SMM10","TRB","MM-P20190322_C000826:1","2match","CMV"
"Foster_2024.SMM10","TRB","MM-P20190322_C001631:1","2match","CMV"
"Foster_2024.SMM10","TRB","MM-P20190322_C001632:2","2match","CMV"
"Foster_2024.SMM11","TRA","Foster_2024.SMM11-207","1match1clus","CMV"
"Foster_2024.SMM11","TRA","Foster_2024.SMM6-2635","1match1clus","CMV"
"Foster_2024.SMM11","TRB","Foster_2024.SMM11-207","1match1clus","CMV"
"Foster_2024.SMM11","TRA","Foster_2024.SMM11-3818","1match1clus","InfluenzaA"
"Foster_2024.SMM11","TRB","Foster_2024.SMM11-3818","1match1clus","InfluenzaA"
"Foster_2024.SMM11","TRB","Foster_2024.SMM11-1682","1match1clus","SARS-CoV-2"
"Foster_2024.SMM11","TRA","Foster_2024.SMM11-1682","1match1clus","SARS-CoV-2"
"Foster_2024.SMM11","TRB","Foster_2024.SMM11-2231","1match1clus","InfluenzaA"
"Foster_2024.SMM11","TRA","Foster_2024.SMM11-2231","1match1clus","InfluenzaA"
"Foster_2024.SMM11","TRA","Foster_2024.SMM11-1941","2match","EBV"
"Foster_2024.SMM11","TRB","Foster_2024.SMM11-1941","2match","EBV"
"Foster_2024.SMM11","TRB",NA,"1match1clus","CMV"
"Foster_2024.SMM11","TRA",NA,"1match1clus","CMV"
"Foster_2024.SMM11","TRB","Foster_2024.SMM11-2506","1match1clus","CMV"
"Foster_2024.SMM11","TRA","Foster_2024.SMM11-2506","1match1clus","CMV"
"Foster_2024.SMM11","TRA","Foster_2024.HD3-369","1match1clus","InfluenzaA"
"Foster_2024.SMM11","TRA","Foster_2024.MM4-2985","1match1clus","InfluenzaA"
"Foster_2024.SMM11","TRA","Foster_2024.SMM11-4983","1match1clus","InfluenzaA"
"Foster_2024.SMM11","TRA","Foster_2024.SMM13-3178","1match1clus","InfluenzaA"
"Foster_2024.SMM11","TRB","Foster_2024.SMM11-4983","1match1clus","InfluenzaA"
"Foster_2024.SMM12","TRB","Foster_2024.SMM12-321","1match1clus","CMV"
"Foster_2024.SMM12","TRA","Foster_2024.SMM12-321","1match1clus","CMV"
"Foster_2024.SMM12","TRA","Foster_2024.SMM11-1163","1match1clus","CMV"
"Foster_2024.SMM12","TRA","MM-P20190122_C001427:1","1match1clus","CMV"
"Foster_2024.SMM12","TRB",NA,"1match1clus","CMV"
"Foster_2024.SMM12","TRB","Foster_2024.SMM12-4642","1match1clus","CMV"
"Foster_2024.SMM12","TRA","Foster_2024.SMM10-282","1match1clus","CMV"
"Foster_2024.SMM12","TRA","Foster_2024.SMM12-4642","1match1clus","CMV"
"Foster_2024.SMM12","TRA","BGCV01_CV0904-674","1match1clus","CMV"
"Foster_2024.SMM12","TRA","MH8919176-178","1match1clus","CMV"
"Foster_2024.SMM12","TRA","Foster_2024.SMM12-465","1match1clus","CMV"
"Foster_2024.SMM12","TRB","Foster_2024.SMM12-465","1match1clus","CMV"
"Foster_2024.SMM12","TRA",NA,"1match1clus","CMV"
"Foster_2024.SMM12","TRB","Foster_2024.SMM12-5239","1match1clus","CMV"
"Foster_2024.SMM12","TRA","Foster_2024.MM3-166","1match1clus","CMV"
"Foster_2024.SMM12","TRA","Foster_2024.SMM12-2056","1match1clus","CMV"
"Foster_2024.SMM12","TRA","Foster_2024.SMM12-5239","1match1clus","CMV"
"Foster_2024.SMM12","TRA","BGCV04_CV0911-238","1match1clus","CMV"
"Foster_2024.SMM12","TRB","Foster_2024.SMM12-1547","1match1clus","CMV"
"Foster_2024.SMM12","TRA","Foster_2024.SMM12-1547","1match1clus","CMV"
"Foster_2024.SMM12","TRA","Foster_2024.SMM12-4377","1match1clus","CMV"
"Foster_2024.SMM12","TRB","Foster_2024.SMM12-4377","1match1clus","CMV"
"Foster_2024.SMM12","TRB","Foster_2024.SMM12-122","1match1clus","CMV"
"Foster_2024.SMM12","TRA","Foster_2024.SMM12-122","1match1clus","CMV"
"Foster_2024.SMM12","TRB","Foster_2024.SMM12-5198","1match1clus","CMV"
"Foster_2024.SMM12","TRA","Foster_2024.SMM12-5198","1match1clus","CMV"
"Foster_2024.SMM12","TRA","Foster_2024.SMM12-3701","1match1clus","CMV"
"Foster_2024.SMM12","TRB","Foster_2024.SMM12-3701","1match1clus","CMV"
"Foster_2024.SMM12","TRB","Foster_2024.SMM12-132","2match","CMV"
"Foster_2024.SMM12","TRB","Foster_2024.SMM5-1315","2match","CMV"
"Foster_2024.SMM12","TRA","Foster_2024.SMM12-132","2match","CMV"
"Foster_2024.SMM12","TRB","Foster_2024.SMM12-1691","1match1clus","CMV"
"Foster_2024.SMM12","TRA","Foster_2024.SMM12-1691","1match1clus","CMV"
"Foster_2024.SMM12","TRA","Foster_2024.SMM12-2647","1match1clus","CMV"
"Foster_2024.SMM12","TRA","Foster_2024.SMM4-1705","1match1clus","CMV"
"Foster_2024.SMM12","TRA","BGCV02_CV0902-680","1match1clus","CMV"
"Foster_2024.SMM12","TRA","BGCV12_CV0926-875","1match1clus","CMV"
"Foster_2024.SMM12","TRB","Foster_2024.SMM12-2647","1match1clus","CMV"
"Foster_2024.SMM12","TRB","Foster_2024.SMM12-2288","1match1clus","CMV"
"Foster_2024.SMM12","TRA","Foster_2024.MM1-604","1match1clus","CMV"
"Foster_2024.SMM12","TRA","Foster_2024.SMM12-2288","1match1clus","CMV"
"Foster_2024.SMM12","TRA","Foster_2024.SMM13-1594","1match1clus","CMV"
"Foster_2024.SMM12","TRA","Foster_2024.SMM13-5369","1match1clus","CMV"
"Foster_2024.SMM12","TRA","Foster_2024.SMM4-3141","1match1clus","CMV"
"Foster_2024.SMM12","TRA","Foster_2024.SMM8-5641","1match1clus","CMV"
"Foster_2024.SMM12","TRB","Foster_2024.SMM12-5278","1match1clus","CMV"
"Foster_2024.SMM12","TRA","Foster_2024.SMM12-5278","1match1clus","CMV"
"Foster_2024.SMM12","TRB","Foster_2024.SMM12-1815","1match1clus","CMV"
"Foster_2024.SMM12","TRA","Foster_2024.SMM12-1815","1match1clus","CMV"
"Foster_2024.SMM12","TRB","Foster_2024.SMM12-6222","1match1clus","CMV"
"Foster_2024.SMM12","TRA","Foster_2024.SMM12-539","1match1clus","CMV"
"Foster_2024.SMM12","TRA","Foster_2024.SMM12-6222","1match1clus","CMV"
"Foster_2024.SMM12","TRA","Foster_2024.HD2-3188","1match1clus","CMV"
"Foster_2024.SMM12","TRA","Maura_2023.PT32-clonotype1494","1match1clus","CMV"
"Foster_2024.SMM12","TRA","BGCV13_CV0934-750","1match1clus","CMV"
"Foster_2024.SMM12","TRA","MH8919177-292","1match1clus","CMV"
"Foster_2024.SMM12","TRA","MH8919179-471","1match1clus","CMV"
"Foster_2024.SMM12","TRA","MH8919283-1262","1match1clus","CMV"
"Foster_2024.SMM12","TRB","Foster_2024.SMM12-1844","1match1clus","CMV"
"Foster_2024.SMM12","TRA","Foster_2024.MM4-2675","1match1clus","CMV"
"Foster_2024.SMM12","TRA","Foster_2024.MM5-3807","1match1clus","CMV"
"Foster_2024.SMM12","TRA","Foster_2024.SMM12-1844","1match1clus","CMV"
"Foster_2024.SMM12","TRA","MH8919333-302","1match1clus","CMV"
"Foster_2024.SMM12","TRB","Foster_2024.SMM12-4425","1match1clus","CMV"
"Foster_2024.SMM12","TRA","Foster_2024.SMM12-4425","1match1clus","CMV"
"Foster_2024.SMM12","TRB","Foster_2024.SMM12-2842","1match1clus","CMV"
"Foster_2024.SMM12","TRA","Foster_2024.SMM12-1950","1match1clus","CMV"
"Foster_2024.SMM12","TRA","Foster_2024.SMM12-2842","1match1clus","CMV"
"Foster_2024.SMM12","TRA","Foster_2024.SMM8-3285","1match1clus","CMV"
"Foster_2024.SMM12","TRA","Foster_2024.SMM12-5728","1match1clus","CMV"
"Foster_2024.SMM12","TRB","Foster_2024.SMM12-5728","1match1clus","CMV"
"Foster_2024.SMM12","TRA","Foster_2024.MM3-522","1match1clus","CMV"
"Foster_2024.SMM12","TRA","Foster_2024.SMM12-444","1match1clus","CMV"
"Foster_2024.SMM12","TRB","Foster_2024.MM3-522","1match1clus","CMV"
"Foster_2024.SMM12","TRB","Foster_2024.SMM12-444","1match1clus","CMV"
"Foster_2024.SMM12","TRB","MH8919332-86","1match1clus","CMV"
"Foster_2024.SMM12","TRB","Foster_2024.SMM12-1829","1match1clus","CMV"
"Foster_2024.SMM12","TRA","Foster_2024.SMM12-1829","1match1clus","CMV"
"Foster_2024.SMM12","TRB","Foster_2024.SMM12-1949","1match1clus","CMV"
"Foster_2024.SMM12","TRA","Foster_2024.SMM12-1949","1match1clus","CMV"
"Foster_2024.SMM12","TRA","Foster_2024.SMM9-1742","1match1clus","CMV"
"Foster_2024.SMM12","TRA","Foster_2024.SMM12-2774","1match1clus","CMV"
"Foster_2024.SMM12","TRB","Foster_2024.SMM12-2774","1match1clus","CMV"
"Foster_2024.SMM12","TRB","Foster_2024.SMM12-4449","1match1clus","CMV"
"Foster_2024.SMM12","TRA","Foster_2024.SMM12-4449","1match1clus","CMV"
"Foster_2024.SMM12","TRB","Foster_2024.SMM12-2338","1match1clus","CMV"
"Foster_2024.SMM12","TRA","Foster_2024.SMM12-2338","1match1clus","CMV"
"Foster_2024.SMM12","TRB","Foster_2024.SMM12-1752","1match1clus","CMV"
"Foster_2024.SMM12","TRB","Foster_2024.SMM4-1170","1match1clus","CMV"
"Foster_2024.SMM12","TRA","Foster_2024.SMM12-1752","1match1clus","CMV"
"Foster_2024.SMM12","TRA","Foster_2024.SMM12-3168","1match1clus","CMV"
"Foster_2024.SMM12","TRA","Foster_2024.SMM12-385","1match1clus","CMV"
"Foster_2024.SMM12","TRB","Foster_2024.SMM12-3168","1match1clus","CMV"
"Foster_2024.SMM12","TRB","Foster_2024.SMM12-2309","1match1clus","CMV"
"Foster_2024.SMM12","TRB","Foster_2024.SMM9-783","1match1clus","CMV"
"Foster_2024.SMM12","TRA","Foster_2024.SMM12-2309","1match1clus","CMV"
"Foster_2024.SMM12","TRB","Foster_2024.SMM12-910","1match1clus","CMV"
"Foster_2024.SMM12","TRA","Foster_2024.SMM12-910","1match1clus","CMV"
"Foster_2024.SMM12","TRB","Foster_2024.SMM12-4875","1match1clus","CMV"
"Foster_2024.SMM12","TRA","Foster_2024.SMM12-4875","1match1clus","CMV"
"Foster_2024.SMM12","TRB","Foster_2024.SMM12-2268","1match1clus","CMV"
"Foster_2024.SMM12","TRA","Foster_2024.SMM12-2268","1match1clus","CMV"
"Foster_2024.SMM12","TRB","Foster_2024.SMM12-5007","1match1clus","CMV"
"Foster_2024.SMM12","TRA","Foster_2024.MM4-3310","1match1clus","CMV"
"Foster_2024.SMM12","TRA","Foster_2024.SMM11-1107","1match1clus","CMV"
"Foster_2024.SMM12","TRA","Foster_2024.SMM11-7005","1match1clus","CMV"
"Foster_2024.SMM12","TRA","Foster_2024.SMM12-5007","1match1clus","CMV"
"Foster_2024.SMM12","TRA","Foster_2024.SMM5-1622","1match1clus","CMV"
"Foster_2024.SMM12","TRA","MH8919332-982","1match1clus","CMV"
"Foster_2024.SMM12","TRA","MH8919333-987","1match1clus","CMV"
"Foster_2024.SMM12","TRA","Foster_2024.SMM12-1865","1match1clus","CMV"
"Foster_2024.SMM12","TRB","Foster_2024.SMM12-1865","1match1clus","CMV"
"Foster_2024.SMM12","TRA","Foster_2024.SMM12-295","1match1clus","CMV"
"Foster_2024.SMM12","TRA","Maura_2023.PT32-clonotype893","1match1clus","CMV"
"Foster_2024.SMM12","TRA","MH8919178-291","1match1clus","CMV"
"Foster_2024.SMM12","TRA","MM-P20190122_C000632:1","1match1clus","CMV"
"Foster_2024.SMM12","TRB","Foster_2024.SMM12-295","1match1clus","CMV"
"Foster_2024.SMM12","TRB","Foster_2024.SMM12-2771","1match1clus","CMV"
"Foster_2024.SMM12","TRA","Foster_2024.SMM12-2771","1match1clus","CMV"
"Foster_2024.SMM12","TRB","Foster_2024.SMM12-4309","1match1clus","CMV"
"Foster_2024.SMM12","TRA","Foster_2024.SMM12-4309","1match1clus","CMV"
"Foster_2024.SMM12","TRB","Foster_2024.SMM12-5080","1match1clus","CMV"
"Foster_2024.SMM12","TRA","Conde_2022.A35-104","1match1clus","CMV"
"Foster_2024.SMM12","TRA","Foster_2024.HD3-5028","1match1clus","CMV"
"Foster_2024.SMM12","TRA","Foster_2024.SMM12-5080","1match1clus","CMV"
"Foster_2024.SMM12","TRA","Foster_2024.SMM13-5929","1match1clus","CMV"
"Foster_2024.SMM12","TRA","Foster_2024.SMM13-6848","1match1clus","CMV"
"Foster_2024.SMM12","TRA","Foster_2024.SMM4-1843","1match1clus","CMV"
"Foster_2024.SMM12","TRA","Foster_2024.SMM8-4897","1match1clus","CMV"
"Foster_2024.SMM12","TRA","BGCV12_CV0926-242","1match1clus","CMV"
"Foster_2024.SMM12","TRA","MH8919176-231","1match1clus","CMV"
"Foster_2024.SMM12","TRA","MH8919283-612","1match1clus","CMV"
"Foster_2024.SMM12","TRA","MM-P20181219_C000336:1","1match1clus","CMV"
"Foster_2024.SMM12","TRA","Foster_2024.SMM12-3108","2match","CMV"
"Foster_2024.SMM12","TRB","Foster_2024.SMM12-3108","2match","CMV"
"Foster_2024.SMM12","TRB","Foster_2024.SMM12-6037","1match1clus","CMV"
"Foster_2024.SMM12","TRA","Foster_2024.SMM12-6037","1match1clus","CMV"
"Foster_2024.SMM12","TRA","Foster_2024.MM3-176","1match1clus","CMV"
"Foster_2024.SMM12","TRA","Foster_2024.SMM12-88","1match1clus","CMV"
"Foster_2024.SMM12","TRA","Foster_2024.SMM12-889","1match1clus","CMV"
"Foster_2024.SMM12","TRA","MH8919333-46","1match1clus","CMV"
"Foster_2024.SMM12","TRB","Foster_2024.MM3-176","1match1clus","CMV"
"Foster_2024.SMM12","TRB","Foster_2024.SMM12-88","1match1clus","CMV"
"Foster_2024.SMM12","TRB","Foster_2024.SMM12-889","1match1clus","CMV"
"Foster_2024.SMM12","TRA","Foster_2024.SMM12-3192","1match1clus","CMV"
"Foster_2024.SMM12","TRB","Foster_2024.SMM12-3192","1match1clus","CMV"
"Foster_2024.SMM12","TRA","Foster_2024.SMM12-5321","1match1clus","CMV"
"Foster_2024.SMM12","TRB","Foster_2024.SMM12-5321","1match1clus","CMV"
"Foster_2024.SMM12","TRA","Foster_2024.MM3-399","1match1clus","CMV"
"Foster_2024.SMM12","TRA","Foster_2024.MM5-5","1match1clus","CMV"
"Foster_2024.SMM12","TRA","Foster_2024.SMM12-2885","1match1clus","CMV"
"Foster_2024.SMM12","TRB","Foster_2024.MM3-399","1match1clus","CMV"
"Foster_2024.SMM12","TRB","Foster_2024.SMM12-2885","1match1clus","CMV"
"Foster_2024.SMM12","TRA","Foster_2024.HD2-950","2match","CMV"
"Foster_2024.SMM12","TRA","Foster_2024.SMM12-1837","2match","CMV"
"Foster_2024.SMM12","TRA","BGCV01_CV0904-2820","2match","CMV"
"Foster_2024.SMM12","TRB","Foster_2024.MM3-25","2match","CMV"
"Foster_2024.SMM12","TRB","Foster_2024.SMM12-141","2match","CMV"
"Foster_2024.SMM12","TRB","Foster_2024.SMM12-1837","2match","CMV"
"Foster_2024.SMM12","TRA","Foster_2024.SMM12-2683","1match1clus","CMV"
"Foster_2024.SMM12","TRB","Foster_2024.SMM12-2683","1match1clus","CMV"
"Foster_2024.SMM12","TRB","Foster_2024.SMM4-1189","1match1clus","CMV"
"Foster_2024.SMM12","TRB","Foster_2024.SMM4-2230","1match1clus","CMV"
"Foster_2024.SMM12","TRB","Foster_2024.SMM12-4664","1match1clus","CMV"
"Foster_2024.SMM12","TRA","Foster_2024.SMM12-4664","1match1clus","CMV"
"Foster_2024.SMM12","TRB","Foster_2024.SMM12-1749","1match1clus","CMV"
"Foster_2024.SMM12","TRA","Foster_2024.SMM12-1749","1match1clus","CMV"
"Foster_2024.SMM12","TRA","MH8919333-1652","1match1clus","CMV"
"Foster_2024.SMM12","TRB","Foster_2024.SMM12-2164","1match1clus","CMV"
"Foster_2024.SMM12","TRA","Conde_2022.A36-1142","1match1clus","CMV"
"Foster_2024.SMM12","TRA","Foster_2024.SMM10-1131","1match1clus","CMV"
"Foster_2024.SMM12","TRA","Foster_2024.SMM12-2164","1match1clus","CMV"
"Foster_2024.SMM12","TRA","Foster_2024.SMM13-6340","1match1clus","CMV"
"Foster_2024.SMM12","TRA","Foster_2024.SMM13-6743","1match1clus","CMV"
"Foster_2024.SMM12","TRA","Foster_2024.SMM13-7103","1match1clus","CMV"
"Foster_2024.SMM12","TRA","Foster_2024.SMM5-4550","1match1clus","CMV"
"Foster_2024.SMM12","TRA","Foster_2024.SMM5-5675","1match1clus","CMV"
"Foster_2024.SMM12","TRA","Foster_2024.SMM6-2827","1match1clus","CMV"
"Foster_2024.SMM12","TRA","Foster_2024.SMM8-7910","1match1clus","CMV"
"Foster_2024.SMM12","TRA","BGCV02_CV0902-669","1match1clus","CMV"
"Foster_2024.SMM12","TRA","Foster_2024.SMM12-2814","1match1clus","CMV"
"Foster_2024.SMM12","TRB","Foster_2024.SMM12-2814","1match1clus","CMV"
"Foster_2024.SMM12","TRA","Foster_2024.MM3-693","1match1clus","CMV"
"Foster_2024.SMM12","TRA","Foster_2024.MM6-4283","1match1clus","CMV"
"Foster_2024.SMM12","TRA","Foster_2024.SMM12-540","1match1clus","CMV"
"Foster_2024.SMM12","TRB","Foster_2024.MM3-693","1match1clus","CMV"
"Foster_2024.SMM12","TRB","Foster_2024.SMM12-540","1match1clus","CMV"
"Foster_2024.SMM12","TRA","Foster_2024.SMM12-1830","1match1clus","CMV"
"Foster_2024.SMM12","TRA","Foster_2024.SMM13-5825","1match1clus","CMV"
"Foster_2024.SMM12","TRB","Foster_2024.SMM12-1830","1match1clus","CMV"
"Foster_2024.SMM12","TRB","Foster_2024.SMM12-821","1match1clus","CMV"
"Foster_2024.SMM12","TRA","Foster_2024.SMM12-821","1match1clus","CMV"
"Foster_2024.SMM12","TRA","Foster_2024.SMM12-3252","1match1clus","CMV"
"Foster_2024.SMM12","TRB","Foster_2024.SMM12-3252","1match1clus","CMV"
"Foster_2024.SMM12","TRB","Foster_2024.SMM12-3432","1match1clus","CMV"
"Foster_2024.SMM12","TRA","Foster_2024.SMM11-4011","1match1clus","CMV"
"Foster_2024.SMM12","TRA","Foster_2024.SMM12-3432","1match1clus","CMV"
"Foster_2024.SMM12","TRB","Foster_2024.SMM12-4386","1match1clus","CMV"
"Foster_2024.SMM12","TRA","Foster_2024.SMM12-4386","1match1clus","CMV"
"Foster_2024.SMM12","TRA","Foster_2024.MM1-65","1match1clus","CMV"
"Foster_2024.SMM12","TRA","Foster_2024.SMM12-1738","1match1clus","CMV"
"Foster_2024.SMM12","TRA","Foster_2024.SMM13-630","1match1clus","CMV"
"Foster_2024.SMM12","TRA","Foster_2024.SMM5-1534","1match1clus","CMV"
"Foster_2024.SMM12","TRA","BGCV02_CV0902-931","1match1clus","CMV"
"Foster_2024.SMM12","TRA","BGCV01_CV0904-3827","1match1clus","CMV"
"Foster_2024.SMM12","TRA","BGCV01_CV0904-3828","1match1clus","CMV"
"Foster_2024.SMM12","TRB","Foster_2024.SMM12-1738","1match1clus","CMV"
"Foster_2024.SMM12","TRB","Foster_2024.SMM12-6026","1match1clus","CMV"
"Foster_2024.SMM12","TRA","Foster_2024.SMM12-6026","1match1clus","CMV"
"Foster_2024.SMM12","TRB","Foster_2024.SMM12-1391","1match1clus","CMV"
"Foster_2024.SMM12","TRA","Foster_2024.SMM12-1391","1match1clus","CMV"
"Foster_2024.SMM12","TRA","Foster_2024.SMM12-5578","1match1clus","CMV"
"Foster_2024.SMM12","TRB","Foster_2024.SMM12-5578","1match1clus","CMV"
"Foster_2024.SMM12","TRA","Foster_2024.SMM12-1902","1match1clus","CMV"
"Foster_2024.SMM12","TRA","Foster_2024.SMM13-1145","1match1clus","CMV"
"Foster_2024.SMM12","TRB","Foster_2024.SMM12-1902","1match1clus","CMV"
"Foster_2024.SMM12","TRB","Foster_2024.SMM12-1417","1match1clus","CMV"
"Foster_2024.SMM12","TRA","Foster_2024.SMM12-1417","1match1clus","CMV"
"Foster_2024.SMM12","TRB","Foster_2024.SMM12-2144","1match1clus","CMV"
"Foster_2024.SMM12","TRA","Foster_2024.SMM12-2144","1match1clus","CMV"
"Foster_2024.SMM12","TRB","Foster_2024.SMM12-3985","1match1clus","CMV"
"Foster_2024.SMM12","TRA","Foster_2024.SMM12-3985","1match1clus","CMV"
"Foster_2024.SMM12","TRA","Foster_2024.SMM12-1770","1match1clus","CMV"
"Foster_2024.SMM12","TRB","Foster_2024.SMM12-1770","1match1clus","CMV"
"Foster_2024.SMM12","TRA","Foster_2024.SMM12-3925","1match1clus","CMV"
"Foster_2024.SMM12","TRB","Foster_2024.SMM12-3925","1match1clus","CMV"
"Foster_2024.SMM12","TRA","Foster_2024.SMM12-1876","1match1clus","CMV"
"Foster_2024.SMM12","TRB","Foster_2024.SMM12-1876","1match1clus","CMV"
"Foster_2024.SMM12","TRB","Foster_2024.SMM12-3967","1match1clus","CMV"
"Foster_2024.SMM12","TRA","Foster_2024.SMM12-3967","1match1clus","CMV"
"Foster_2024.SMM12","TRA","Foster_2024.SMM12-4061","1match1clus","CMV"
"Foster_2024.SMM12","TRB","Foster_2024.SMM12-4061","1match1clus","CMV"
"Foster_2024.SMM12","TRA","Foster_2024.SMM12-1800","1match1clus","CMV"
"Foster_2024.SMM12","TRA","Foster_2024.SMM12-6128","1match1clus","CMV"
"Foster_2024.SMM12","TRA","Foster_2024.SMM6-735","1match1clus","CMV"
"Foster_2024.SMM12","TRA","MH8919332-2024","1match1clus","CMV"
"Foster_2024.SMM12","TRB","Foster_2024.SMM12-1800","1match1clus","CMV"
"Foster_2024.SMM12","TRB","Foster_2024.SMM12-1377","1match1clus","CMV"
"Foster_2024.SMM12","TRA","Foster_2024.HD3-5138","1match1clus","CMV"
"Foster_2024.SMM12","TRA","Foster_2024.SMM12-1377","1match1clus","CMV"
"Foster_2024.SMM12","TRA","Foster_2024.SMM12-4311","1match1clus","CMV"
"Foster_2024.SMM12","TRB","Foster_2024.SMM12-4311","1match1clus","CMV"
"Foster_2024.SMM12","TRB","Foster_2024.SMM12-4640","1match1clus","CMV"
"Foster_2024.SMM12","TRA","Foster_2024.SMM12-4640","1match1clus","CMV"
"Foster_2024.SMM12","TRA","Foster_2024.SMM4-3152","1match1clus","CMV"
"Foster_2024.SMM12","TRA","Foster_2024.SMM12-5135","1match1clus","CMV"
"Foster_2024.SMM12","TRA","Foster_2024.SMM8-6269","1match1clus","CMV"
"Foster_2024.SMM12","TRA","MH8919176-942","1match1clus","CMV"
"Foster_2024.SMM12","TRB","Foster_2024.SMM12-5135","1match1clus","CMV"
"Foster_2024.SMM12","TRA","Foster_2024.SMM12-2705","1match1clus","CMV"
"Foster_2024.SMM12","TRB","Foster_2024.SMM12-2705","1match1clus","CMV"
"Foster_2024.SMM12","TRA","Foster_2024.SMM12-2758","1match1clus","CMV"
"Foster_2024.SMM12","TRB","Foster_2024.SMM12-2758","1match1clus","CMV"
"Foster_2024.SMM12","TRB","Foster_2024.SMM12-5611","1match1clus","CMV"
"Foster_2024.SMM12","TRA","Foster_2024.SMM12-5611","1match1clus","CMV"
"Foster_2024.SMM12","TRB","Foster_2024.SMM12-278","1match1clus","CMV"
"Foster_2024.SMM12","TRA","Foster_2024.SMM12-278","1match1clus","CMV"
"Foster_2024.SMM12","TRB","Foster_2024.SMM12-5617","1match1clus","CMV"
"Foster_2024.SMM12","TRA","Foster_2024.SMM12-5617","1match1clus","CMV"
"Foster_2024.SMM12","TRA","Foster_2024.SMM12-3097","1match1clus","InfluenzaA"
"Foster_2024.SMM12","TRB","Foster_2024.SMM12-3097","1match1clus","InfluenzaA"
"Foster_2024.SMM12","TRB","Foster_2024.SMM12-3038","1match1clus","CMV"
"Foster_2024.SMM12","TRA","Foster_2024.SMM12-3038","1match1clus","CMV"
"Foster_2024.SMM12","TRA","Foster_2024.SMM5-4309","1match1clus","CMV"
